{"Ende-hi": {"0": [3393.212293367251], "1": [3591.0105515624164], "2": [10822.026222275803], "3": [23348.474024029332], "4": [11884.176901624887], "5": [50224.3417903817], "6": [62932.73847084952], "7": [41973.947435739916], "8": [47767.402094518184], "9": [43112.66381620598], "10": [47166.19625710294], "11": [64705.107790953014], "12": [49592.78642964363], "13": [79611.12298224331], "14": [79026.8423409561], "15": [44747.149744981434], "16": [60088.520141736604], "17": [68851.48745212029], "18": [158904.71889380622], "19": [213145.50838764687], "20": [197806.4954568101], "21": [27617.80627734214], "22": [5082.219945462421], "23": [36452.46593301557]}, "Ende-de": {"0": [3152.395117560285], "1": [3264.99949440459], "2": [10229.741534311615], "3": [22202.567426567315], "4": [11226.87286982988], "5": [47869.450021423225], "6": [60075.12313747284], "7": [39348.635822978686], "8": [45067.28831730294], "9": [40807.164724761795], "10": [44081.21115556307], "11": [60575.826259282185], "12": [46200.240328933054], "13": [75031.02572521701], "14": [74153.97107644507], "15": [40990.22589735675], "16": [53487.3191571231], "17": [62576.55885177932], "18": [142341.16780849244], "19": [197080.71104367706], "20": [176483.59353738138], "21": [24399.079437602544], "22": [4573.177212258277], "23": [29957.32542871323]}, "Ende-cs": {"0": [3235.639773250965], "1": [3314.0017103310092], "2": [10535.978976219543], "3": [23070.56190037355], "4": [11634.79338436597], "5": [49504.109839766985], "6": [63215.12321199977], "7": [41364.77516943973], "8": [47371.481089127716], "9": [42556.777386949805], "10": [46608.061947678274], "11": [63818.68836913735], "12": [49684.00231128896], "13": [79495.75744998863], "14": [78537.44892886525], "15": [44563.87672900292], "16": [59550.889854799956], "17": [69198.824240344], "18": [154630.09016406583], "19": [213206.2039213397], "20": [201338.2458734112], "21": [28331.864897372434], "22": [4981.069041908486], "23": [32764.20556884166]}, "Ende-fr": {"0": [3192.500426224724], "1": [3243.859572134912], "2": [10301.297563978937], "3": [22237.47739032528], "4": [11246.613585258252], "5": [47950.70551659481], "6": [60974.75367640529], "7": [39373.53173824586], "8": [44912.08024958096], "9": [40525.10487732396], "10": [44017.002742710756], "11": [60678.88745701575], "12": [46326.52486356959], "13": [74864.12927796849], "14": [73614.11593968596], "15": [41469.2684310514], "16": [53994.801034809556], "17": [63460.11939852196], "18": [142630.00658644596], "19": [197526.52285256295], "20": [179595.00022369064], "21": [23585.21372963721], "22": [4478.001315058675], "23": [29209.444854477653]}, "hi-de": {"0": [5238.0062970787985], "1": [5364.3120427830145], "2": [26463.77387997217], "3": [90889.08891508286], "4": [17375.015801410656], "5": [67738.81204305147], "6": [99339.99565867451], "7": [106750.69031186646], "8": [87945.3304674782], "9": [76693.24320052715], "10": [166077.6757824506], "11": [135191.65103545436], "12": [172626.7710667774], "13": [184970.40924601897], "14": [192060.76181696402], "15": [69844.78470631014], "16": [169247.14112556074], "17": [83958.0311462055], "18": [117720.78374450188], "19": [112341.69831538154], "20": [119112.83012349391], "21": [41273.22485985444], "22": [10366.504951626994], "23": [74240.35487986263]}, "hi-Enhi": {"0": [5132.168845674489], "1": [5277.636261659209], "2": [26502.87512759096], "3": [91038.45250540785], "4": [17226.34949354292], "5": [67688.68525413354], "6": [99446.12854936486], "7": [106480.50809871475], "8": [87880.93662167789], "9": [76725.1473539098], "10": [165954.28962197993], "11": [134889.39401313674], "12": [171855.8921759387], "13": [183271.71936095413], "14": [191864.93249669997], "15": [67850.36658284196], "16": [167068.25617119297], "17": [79122.28247889131], "18": [116221.38899340201], "19": [108248.25873647071], "20": [112703.05607651547], "21": [39121.821955318796], "22": [10083.515383044258], "23": [76533.97243850864]}, "hi-cs": {"0": [5247.992036125157], "1": [5361.395607127342], "2": [26420.16339573951], "3": [90158.79084601067], "4": [17040.228889810096], "5": [67657.46240102127], "6": [98633.47474879294], "7": [103349.14338455861], "8": [85239.38568781922], "9": [75723.76197813277], "10": [162218.21065654518], "11": [133527.91618236707], "12": [170181.87910400867], "13": [184926.30095963646], "14": [193637.50106397225], "15": [70688.54977029364], "16": [175643.82274535112], "17": [86677.00040545664], "18": [119457.54584331857], "19": [115204.71069986], "20": [119954.62354964577], "21": [42220.60371433501], "22": [10453.444655105472], "23": [82805.78756424598]}, "hi-fr": {"0": [5198.896827132441], "1": [5361.13251280738], "2": [26565.395906518796], "3": [91327.97272863972], "4": [17315.18753456534], "5": [67908.28773091093], "6": [98780.13535886334], "7": [106366.73663606308], "8": [87357.81750950322], "9": [76560.25548243336], "10": [166432.89849800302], "11": [135223.1963248913], "12": [172688.2874716221], "13": [183690.47272771178], "14": [192686.9426040172], "15": [69647.79478149314], "16": [170494.82652651588], "17": [84037.38450430892], "18": [118591.45575301256], "19": [113734.86085263616], "20": [122566.32121495903], "21": [41401.95022058627], "22": [10380.949701847974], "23": [75273.9426690042]}, "hi-Encs": {"0": [5124.760458496166], "1": [5281.353063855786], "2": [26558.649821672007], "3": [91224.59811584232], "4": [17264.46407329198], "5": [67938.40405789891], "6": [99048.45270454825], "7": [106013.18158820132], "8": [88080.52625679562], "9": [76677.55819586426], "10": [166239.8138141313], "11": [134624.3790297046], "12": [171940.00582210976], "13": [185085.79928752454], "14": [192244.77031783876], "15": [69446.96101250261], "16": [168598.2401007712], "17": [83748.63778763264], "18": [117576.05060484866], "19": [113563.5648058292], "20": [113723.91696816869], "21": [39863.87953381473], "22": [10014.13645182969], "23": [75985.97030638903]}, "hi-Enfr": {"0": [5134.972758381802], "1": [5284.61024398962], "2": [26515.18659021496], "3": [91763.21580056066], "4": [17220.188848196936], "5": [67274.25835092599], "6": [98713.13274148048], "7": [106340.9183852566], "8": [87504.9892742656], "9": [76864.09704139497], "10": [165666.88649080845], "11": [135436.40730543848], "12": [172248.18961553974], "13": [184404.7799297897], "14": [192032.64498034422], "15": [69502.77216041635], "16": [167898.81727997446], "17": [83607.77462440263], "18": [117964.90430988511], "19": [112733.27100805053], "20": [113400.45932640787], "21": [39865.42642842955], "22": [10139.968852881808], "23": [75893.44113343582]}, "de-Enhi": {"0": [3170.1298797904165], "1": [3112.0457529179985], "2": [11488.38550488447], "3": [28751.45130707533], "4": [11589.995321698487], "5": [52794.86040295643], "6": [62932.49347491609], "7": [42128.124377603934], "8": [39932.407092133246], "9": [37016.24451497913], "10": [42068.3533983574], "11": [55191.11146781483], "12": [42267.92298857262], "13": [67760.80287037086], "14": [83874.9081164283], "15": [29775.8215417529], "16": [44262.09315494704], "17": [42112.3506814586], "18": [102211.46466740267], "19": [142419.78062876663], "20": [169161.68651927402], "21": [33922.96574755083], "22": [4766.961656885571], "23": [36558.32017258264]}, "de-cs": {"0": [3383.677685037488], "1": [3271.7340491060168], "2": [12131.040348560316], "3": [29639.30879758706], "4": [12026.256136992015], "5": [54507.06249434769], "6": [65936.22719388315], "7": [43973.8497099026], "8": [41447.55371900392], "9": [38265.59916371392], "10": [43442.09262892674], "11": [57910.71229010803], "12": [44467.39398387476], "13": [71216.70294265705], "14": [87693.31180200935], "15": [32150.236140195397], "16": [49276.70132883126], "17": [45672.56324186316], "18": [111179.27368727559], "19": [153593.7217005673], "20": [187498.79269120935], "21": [37544.49675036268], "22": [5268.663127837586], "23": [41032.64114273898]}, "de-fr": {"0": [3300.6947177494876], "1": [3202.9961276347167], "2": [11755.941979212104],