{"de-Enhi": {"0": [85990.39751328249], "1": [86101.8018004566], "2": [105420.34288831986], "3": [120675.12635755283], "4": [109185.9103377863], "5": [100406.61356234539], "6": [105466.70402152312], "7": [107259.37920864881], "8": [115906.96331219387], "9": [108039.39665420551], "10": [120883.68835545098], "11": [129081.75173989241], "12": [85254.14757990779], "13": [120031.86102326855], "14": [124279.73808991618], "15": [110843.02771089016], "16": [100291.29209102201], "17": [97474.91078004916], "18": [74053.49181264441], "19": [77300.26924557576], "20": [88330.9633366859], "21": [23850.536984681617], "22": [20870.969205035013], "23": [66979.11575138941]}, "de-Ende": {"0": [82077.48537636315], "1": [83163.61017094553], "2": [102250.02015680098], "3": [116722.67926235043], "4": [105578.67053546291], "5": [96551.39028040273], "6": [101077.23338843905], "7": [102109.71771060955], "8": [110910.77218893322], "9": [103278.13632302964], "10": [115212.3899328548], "11": [123643.05063138809], "12": [81607.18221454538], "13": [116997.46535135515], "14": [118444.85346987296], "15": [106370.15271942236], "16": [95433.99748040584], "17": [92683.92565726826], "18": [69980.04407979827], "19": [73789.2867488506], "20": [84436.47377572535], "21": [23048.939023536048], "22": [19561.97044762678], "23": [61326.24818709353]}, "de-hi": {"0": [100633.91751108016], "1": [98930.62617179449], "2": [120229.7296910705], "3": [140170.76088245958], "4": [126154.45558913029], "5": [115760.37372088153], "6": [121897.74905049498], "7": [122870.28384156153], "8": [132559.0292356806], "9": [121785.22038700792], "10": [134518.50857970142], "11": [140761.29859213508], "12": [92923.09357563115], "13": [127543.2967583423], "14": [133077.48122073524], "15": [113504.58967671101], "16": [102518.3216202124], "17": [101533.7118236447], "18": [76593.19716845627], "19": [79767.37781585276], "20": [94518.82149350876], "21": [25709.609236166114], "22": [23561.298509289976], "23": [76044.32751751505]}, "de-Encs": {"0": [86138.35227758368], "1": [86024.80024063378], "2": [105415.37626798009], "3": [120744.47147010278], "4": [108934.80028788664], "5": [100237.02814939653], "6": [105518.04686756863], "7": [106898.7873291783], "8": [116044.27019298298], "9": [107973.81437384675], "10": [120988.1685509187], "11": [129459.41070447909], "12": [85248.7766779022], "13": [120078.51054359332], "14": [124272.84565761872], "15": [109909.00655139191], "16": [99069.86272668745], "17": [95716.82422799675], "18": [74306.19483489578], "19": [77386.60824485822], "20": [87878.3970491034], "21": [23909.822025118046], "22": [20764.30870665342], "23": [66263.63508873922]}, "de-Enfr": {"0": [86056.24589904514], "1": [86264.2974444793], "2": [105494.41398032173], "3": [120173.29373011901], "4": [109211.47069457115], "5": [100543.19438917504], "6": [105207.504167962], "7": [106624.61388683633], "8": [115883.06652322074], "9": [108069.07460154814], "10": [121178.83029395947], "11": [129040.03813214018], "12": [85196.1626638876], "13": [120069.89284250478], "14": [124436.51633837866], "15": [110667.75738246762], "16": [99739.244137067], "17": [96913.10327636125], "18": [74148.57638572017], "19": [78052.99581793346], "20": [87620.74617010262], "21": [23923.048607182107], "22": [20818.536869217118], "23": [67116.7834360837]}, "de-cs": {"0": [94344.11758502829], "1": [94624.23419438535], "2": [117736.75709434692], "3": [135799.7824787132], "4": [122691.61185462156], "5": [113229.1091457759], "6": [119224.06501358352], "7": [120153.35325417435], "8": [129992.34890025796], "9": [119860.22278455307], "10": [132085.71113766544], "11": [138482.53513766755], "12": [91612.04467002617], "13": [125628.17723181844], "14": [128578.85726103513], "15": [111221.96669050935], "16": [102273.1289589305], "17": [99043.22244065709], "18": [77120.46118448337], "19": [79108.61621230154], "20": [93341.0795815438], "21": [25453.432269791374], "22": [22092.67454278114], "23": [69761.79477675096]}, "de-fr": {"0": [90111.86743191537], "1": [87802.05302165938], "2": [106845.64984403504], "3": [120940.92918597115], "4": [109810.88241167774], "5": [100781.1227456975], "6": [106048.57369647454], "7": [107812.00754942372], "8": [117099.9412819047], "9": [109676.00510298356], "10": [122321.53811207763], "11": [130215.15169870248], "12": [86723.219953052], "13": [121445.05484347907], "14": [125799.20620181179], "15": [111574.6569183704], "16": [100726.98782963818], "17": [98953.78340975277], "18": [75715.87015596265], "19": [77930.46603787411], "20": [90807.74807785335], "21": [24552.49179290561], "22": [21540.936793853412], "23": [66294.81465453468]}, "Enhi-hi": {"0": [102265.4364897348], "1": [109965.17348993011], "2": [132251.42284002295], "3": [159357.54483449645], "4": [144076.51386830397], "5": [127563.10406282078], "6": [136632.76110918517], "7": [136953.7067935838], "8": [147723.04110485245], "9": [128186.64539465145], "10": [154826.20683661476], "11": [164531.00293982844], "12": [101368.27570878319], "13": [160687.58122189343], "14": [167689.03867145884], "15": [153068.14296043944], "16": [124483.38596436288], "17": [123334.35630408872], "18": [98280.84759910125], "19": [112931.87759873911], "20": [107576.72250459797], "21": [20628.185072252178], "22": [22577.452012595022], "23": [90785.27440349665]}, "Enhi-cs": {"0": [91284.38077710336], "1": [101463.80553886923], "2": [125703.01357766287], "3": [152824.12551621045], "4": [138166.5875194528], "5": [124752.99972007214], "6": [133362.0052062102], "7": [133676.08635047078], "8": [142830.49212460045], "9": [124130.22529337113], "10": [150027.88909626717], "11": [160542.850668306], "12": [99087.75208819716], "13": [157534.05917471275], "14": [163311.6901692839], "15": [149544.33571862057], "16": [122736.8274563296], "17": [122235.98234382458], "18": [98180.66399645922], "19": [111379.5780461625], "20": [108181.63444007956], "21": [20489.199987334316], "22": [21643.994205319323], "23": [86677.04496294144]}, "Enhi-fr": {"0": [88033.01281182794], "1": [94366.68379619066], "2": [114295.28596690844], "3": [133006.78535610484], "4": [121589.00897109834], "5": [108235.95443962794], "6": [115307.95195834059], "7": [115965.35900108214], "8": [125273.24470233079], "9": [111189.10495672072], "10": [133917.5685474081], "11": [146099.73744792724], "12": [90364.12121022004], "13": [145580.55110486178], "14": [152402.46251227858], "15": [142719.26105814904], "16": [117512.20419576531], "17": [118008.95787252102], "18": [93689.83659410628], "19": [107696.1943398288], "20": [102883.30596080795], "21": [18168.524449252058], "22": [19584.721753241553], "23": [75015.25058617466]}, "Ende-hi": {"0": [99156.71015879628], "1": [107852.70496669016], "2": [128556.59044942679], "3": [155244.09413948562], "4": [140083.88386838464], "5": [122986.30091213668], "6": [131766.10315994895], "7": [132422.18792217667], "8": [142835.10323530657], "9": [124919.34878415056], "10": [149470.0813303669], "11": [158743.3448670816], "12": [97995.98812078312], "13": [155611.93177896703], "14": [162255.53617174225], "15": [149128.55670866417], "16": [120396.27686519874], "17": [118136.18475660123], "18": [95372.1802882835], "19": [106118.51799883728], "20": [101789.73308488028], "21": [20668.880634026835], "22": [22076.729360977188], "23": [87826.34114286024]}, "Ende-cs": {"0": [89412.87331371149], "1": [100127.46997854905], "2": [122169.31345343566], "3": [149343.87071376364], "4": [135462.6325168626], "5": [120820.91724358092], "6": [128555.69938757445], "7": [129661.61307468894], "8": [138816.68227345287], "9": [121669.69238175766], "10": [146100.1844638933], "11": [155214.7396509077], "12": [95806.76855082694], "13": [152298.75562150276], "14": [158144.7340909636], "15": [146395.6040356555], "16": [118621.49232951831], "17": [117055.38406892889], "18": [95352.3187113005], "19": [105064.72046125936], "20": [102436.21972479927], "21": [20492.897107182303], "22": [20671.39746810106], "23": [84518.07938462123]}, "Ende-fr": {"0": [85142.6844874944],