{"Enhi-cs": {"0": [39058.75941904308], "1": [201311.455319138], "2": [187461.47427658713], "3": [166026.83223640476], "4": [190483.87406160985], "5": [230184.70956467092], "6": [281587.9796400028], "7": [277214.34775955044], "8": [275393.5136583373], "9": [280204.7099785039], "10": [277077.0402353937], "11": [268487.52123003965], "12": [279263.8015173902], "13": [285884.90869263164], "14": [275242.9883539232], "15": [255152.54824071564], "16": [269135.604145959], "17": [234884.89932970912], "18": [181579.81854917586], "19": [135111.86761960655], "20": [176048.97178221215], "21": [167553.82120438374], "22": [134123.4595882726], "23": [114829.0852634788], "24": [121153.88732493401], "25": [137562.72052066238], "26": [160343.77918188414], "27": [170006.08802949986], "28": [173556.89941312687], "29": [126126.07106571825], "30": [82328.52289462916], "31": [175187.17509285512]}, "Enhi-fr": {"0": [38359.941236822866], "1": [198393.11332318792], "2": [183803.5374821385], "3": [163577.6537426305], "4": [185219.86075479072], "5": [219253.1161160632], "6": [265908.1070483839], "7": [257888.65777295223], "8": [253348.80736218207], "9": [258217.53936883435], "10": [258407.8551430211], "11": [251652.26650634548], "12": [267517.07456209883], "13": [270893.6527543403], "14": [260997.24135054974], "15": [239715.02789944317], "16": [254552.01997132716], "17": [224949.70843158034], "18": [173930.32326863427], "19": [136244.8629987135], "20": [172184.43129933788], "21": [160293.1541607473], "22": [129767.07099242113], "23": [109662.43878989061], "24": [117513.19582435186], "25": [132887.75431696943], "26": [155437.76281078556], "27": [166217.10267795454], "28": [170231.74674280197], "29": [122949.21412786283], "30": [80477.09983151988], "31": [170133.38860207202]}, "Enhi-de": {"0": [38655.30280687881], "1": [201822.1841723459], "2": [185592.6044330455], "3": [164754.0071768607], "4": [187452.9154213695], "5": [222948.04585386487], "6": [269460.11004488496], "7": [262667.61617530975], "8": [258305.36678191973], "9": [264857.4746962297], "10": [265020.92537330743], "11": [258749.5487798918], "12": [273905.20811527316], "13": [280200.47365601454], "14": [269549.75042296876], "15": [246206.740332379], "16": [262253.9094873385], "17": [230957.65902927658], "18": [178738.07460565097], "19": [139705.45612312865], "20": [176718.54614813055], "21": [164884.45450459537], "22": [132035.65134055424], "23": [112306.36882968934], "24": [118427.69188756321], "25": [135238.50949976116], "26": [157861.15578609618], "27": [167148.5583499301], "28": [170492.51920464658], "29": [122116.17039858882], "30": [82237.62832810904], "31": [172284.54568065272]}, "Enhi-hi": {"0": [42512.34142884798], "1": [211248.99742061924], "2": [194045.71016988158], "3": [171153.56327336933], "4": [194468.75383765902], "5": [232946.43261627294], "6": [284673.14255173877], "7": [278057.4153174218], "8": [274226.9793915786], "9": [279537.9917935375], "10": [279943.3439541189], "11": [272457.86153968214], "12": [284049.20774388127], "13": [292666.6340076085], "14": [280936.30612959806], "15": [259608.45664115297], "16": [273503.0269876099], "17": [238855.65712457243], "18": [183613.05673026945], "19": [145975.98776695633], "20": [183663.68103576615], "21": [170583.24700248288], "22": [135317.23939172085], "23": [116008.06974980223], "24": [122617.65296488581], "25": [138722.48296557833], "26": [160438.95550866774], "27": [173222.54645747645], "28": [176243.10854838137], "29": [126952.31961055729], "30": [84589.43574913754], "31": [177185.24358607456]}, "cs-Ende": {"0": [45120.471496614395], "1": [134291.248459348], "2": [201897.20009019203], "3": [202349.00617553457], "4": [229480.82161347196], "5": [204325.39252931438], "6": [252047.31475715572], "7": [251437.29225294758], "8": [237642.10824952484], "9": [210439.89639693126], "10": [192103.64157098928], "11": [137150.3116308928], "12": [206099.64433933888], "13": [211400.6781139006], "14": [202480.66124031297], "15": [186613.8333745103], "16": [226118.16999203246], "17": [215536.59215928055], "18": [197403.577507411], "19": [193890.77948796365], "20": [219071.88466658036], "21": [203150.76171524473], "22": [205576.81294895872], "23": [169895.62270430382], "24": [169533.21779362008], "25": [196991.1172353826], "26": [146447.5390932517], "27": [149355.63139391807], "28": [115225.89998132351], "29": [104962.4149772434], "30": [76391.78485424386], "31": [142539.93580744625]}, "cs-fr": {"0": [43664.24748714076], "1": [131637.0984981372], "2": [201984.26776665077], "3": [204564.94789958792], "4": [231775.07969494816], "5": [207853.94380250433], "6": [255234.47497848282], "7": [255187.998302917], "8": [240152.04021320585], "9": [211549.27230181266], "10": [191833.70868062042], "11": [136810.7361193397], "12": [205569.65532569448], "13": [211711.73416386987], "14": [202581.74850404356], "15": [184247.78531630873], "16": [224339.50315474928], "17": [214640.2127592417], "18": [197239.2438741933], "19": [193931.42299312796], "20": [218069.0409902325], "21": [201773.95895012317], "22": [205040.49017256626], "23": [171484.81506458472], "24": [169077.2171210561], "25": [197332.95100211236], "26": [146124.67674762837], "27": [149687.6418399557], "28": [114720.93331849237], "29": [105192.10433818318], "30": [76580.41487707698], "31": [143903.62990169844]}, "cs-de": {"0": [45550.063504806894], "1": [136856.89074473293], "2": [203028.87154808175], "3": [206008.37967951666], "4": [234133.9213651605], "5": [209714.06535515096], "6": [256859.72761558602], "7": [257255.55580714298], "8": [242513.86360340868], "9": [213404.1028582852], "10": [194846.4167913776], "11": [138465.95326623926], "12": [207884.95126756467], "13": [214272.06365901232], "14": [205981.03215453518], "15": [187393.9465337051], "16": [228316.3076445083], "17": [217219.06732530077], "18": [198246.62844143948], "19": [194578.57288973557], "20": [220271.14062855253], "21": [203810.8663817218], "22": [206408.03724719526], "23": [170672.74155387701], "24": [169593.2250346511], "25": [196801.7228394528], "26": [145922.0752762626], "27": [150061.6004502254], "28": [115875.40209150082], "29": [105819.56370855588], "30": [77000.79825264611], "31": [143213.04534876416]}, "cs-Enfr": {"0": [44773.43251990236], "1": [135485.700082588], "2": [201802.9925940492], "3": [204421.50830962812], "4": [228436.65278417245], "5": [204650.08199807117], "6": [251898.26938966382], "7": [251173.2011127537], "8": [237249.13896366046], "9": [209739.72622581478], "10": [192321.4313849737], "11": [137662.64729681285], "12": [205618.87352774316], "13": [212312.50933053484], "14": [203497.9179643686], "15": [185728.0483829789], "16": [225309.00506939646], "17": [215184.19597305544], "18": [196573.73553801212], "19": [194079.47171580582], "20": [219485.22464820335], "21": [203470.74575047696], "22": [205378.91356733534], "23": [170744.75431578], "24": [169218.6036160693], "25": [197287.89301720494], "26": [145212.47312595672], "27": [148497.03799490957], "28": [116048.90414711297], "29": [105327.79629654181], "30": [76233.833655986], "31": [143791.9830624921]}, "cs-Encs": {"0": [43766.511519460764], "1": [131517.0439758401], "2": [198010.11232227273], "3": [199124.852089616], "4": [224900.59078317555], "5": [202065.49889473733], "6": [248514.985944496], "7": [248290.28063308168], "8": [235019.50929871434], "9": [207991.7959328685], "10": [189534.97720280103], "11": [136494.59147525392], "12": [202521.22749311524], "13": [208472.68890081276], "14": [201499.10325443302], "15": [185176.62614040147], "16": [223501.62501685624], "17": [212200.61310856265], "18": [195864.0419617826], "19": [190309.0395440337], "20": [215940.13337510894], "21": [201101.4805633712], "22": [205453.17280232656], "23": [167520.89109859057], "24": [166263.766334014], "25": [192524.1389232854], "26": [143797.88927890174], "27": [146013.19078125106], "28": [112068.670110974], "29": [100784.87675865006], "30": [73055.50354931195], "31": [128891.64016962552]},