{"Encs-de": {"0": [154096.736429648], "1": [264810.60124874813], "2": [262302.9804927497], "3": [240390.60211898666], "4": [231833.88906604762], "5": [197842.32027923665], "6": [166853.19014559407], "7": [186638.95069430978], "8": [160409.5828402415], "9": [163305.6668691584], "10": [162898.65323311044], "11": [130270.65095771663], "12": [163139.35596780048], "13": [216115.385931293], "14": [156956.37195900315], "15": [169815.43544943118], "16": [142030.84794509085], "17": [188839.6190401176], "18": [142671.17378205433], "19": [197510.42917306302], "20": [197137.59453902696], "21": [178731.13923564227], "22": [225344.52589477133], "23": [223149.89269365836], "24": [239784.281085331], "25": [221714.86836670572], "26": [222129.3694402438], "27": [215426.1386348973], "28": [230371.71451645903], "29": [251348.54079086613], "30": [147088.91922945483], "31": [171785.5076149106]}, "Encs-hi": {"0": [172300.03864267096], "1": [282427.6889521349], "2": [280081.4156652875], "3": [252933.0657199826], "4": [249546.8723888005], "5": [214408.78981266078], "6": [182307.0903418418], "7": [207024.12761742296], "8": [179479.56455906015], "9": [180611.34146447293], "10": [178381.01542341895], "11": [143750.5480230581], "12": [176108.19349622075], "13": [239164.12165100267], "14": [174288.14575144462], "15": [187702.41627810057], "16": [155201.58856760897], "17": [205591.75440133084], "18": [153473.88719398435], "19": [210692.1302347351], "20": [209411.73743739445], "21": [190220.6242404012], "22": [248262.09414073452], "23": [240458.80623988714], "24": [254929.89459757693], "25": [241843.28249802627], "26": [241660.26744712424], "27": [217655.91135444492], "28": [239376.2417034693], "29": [256628.5064245863], "30": [160751.8997687269], "31": [173512.32352253515]}, "Encs-fr": {"0": [153847.71406878624], "1": [264025.6218713261], "2": [257888.21881242003], "3": [238163.3392273609], "4": [226883.48271109513], "5": [193291.76277476805], "6": [161968.51396485278], "7": [180813.30119561218], "8": [155172.47476356803], "9": [158524.68531265762], "10": [157735.0915491623], "11": [127352.85823353007], "12": [158107.45321916905], "13": [207160.5242184056], "14": [151986.23130172165], "15": [164264.19601302664], "16": [136673.14922487643], "17": [181287.01190552907], "18": [136095.3608859973], "19": [188652.71343610785], "20": [188656.1997300703], "21": [173113.89335228247], "22": [218295.5962103866], "23": [211393.71022921475], "24": [232267.34940707218], "25": [218534.26186085911], "26": [231159.83286147588], "27": [210631.1302133405], "28": [230749.32742853463], "29": [249475.63879099116], "30": [148125.76122743706], "31": [170710.47885967814]}, "Encs-cs": {"0": [153652.07215747098], "1": [270054.3655274301], "2": [261357.25606316933], "3": [241492.01975241816], "4": [236881.64223000407], "5": [207630.9701749701], "6": [175240.66522105737], "7": [199675.85880890721], "8": [174501.12673768774], "9": [175676.74689365737], "10": [174783.0922492803], "11": [139721.18646932254], "12": [172010.50048660743], "13": [233762.04122311482], "14": [169013.80271660432], "15": [182718.74004950165], "16": [146988.3783922242], "17": [201774.50616919808], "18": [144688.8925118863], "19": [207336.10743750585], "20": [195523.51623994764], "21": [177769.97892070655], "22": [231814.56571687153], "23": [222603.0282531781], "24": [240236.26486462448], "25": [236970.41509674303], "26": [237681.84443158843], "27": [217438.70582925598], "28": [237179.03176784609], "29": [256235.90907965275], "30": [164985.49255083362], "31": [173424.55796187115]}, "Enfr-de": {"0": [156558.27813087823], "1": [270963.19394548936], "2": [268056.031551979], "3": [244967.38169337297], "4": [238321.10145494237], "5": [201676.27478687093], "6": [168811.24856407754], "7": [189651.38114993344], "8": [164054.94951268914], "9": [165706.72110393597], "10": [165222.40770125738], "11": [133389.4438852166], "12": [166159.69385052647], "13": [220095.90571770258], "14": [159930.53880570293], "15": [173657.22739331564], "16": [144910.44856361602], "17": [192329.54272408364], "18": [145381.65794224094], "19": [202111.84134877333], "20": [201231.34705930878], "21": [182117.65124951792], "22": [229287.30487264157], "23": [227049.8450624561], "24": [243641.55912159197], "25": [225956.72206747485], "26": [229442.02227574587], "27": [222426.1911259708], "28": [235425.4212885457], "29": [257496.060785742], "30": [149699.6119351918], "31": [178361.9595669359]}, "Enfr-hi": {"0": [180306.1658522794], "1": [290023.46305633057], "2": [286829.94554470433], "3": [260165.16438266728], "4": [255302.00609418447], "5": [218606.81098893704], "6": [185332.19101102836], "7": [210934.13472788478], "8": [184203.74675969873], "9": [183397.74403732084], "10": [182287.1563712745], "11": [146059.5817393032], "12": [180019.03387477715], "13": [242810.54679538542], "14": [178512.9356117444], "15": [191236.13614020916], "16": [159791.81042002793], "17": [209257.35573345795], "18": [156554.56684549246], "19": [216491.56949801743], "20": [214081.61333355308], "21": [194172.80647905683], "22": [253454.9672571728], "23": [244716.65337491594], "24": [259433.7017928064], "25": [246609.57610403886], "26": [250399.817457214], "27": [223322.91659637354], "28": [244573.85535914171], "29": [261422.18934598425], "30": [164851.128042995], "31": [177421.00603387132]}, "Enfr-fr": {"0": [151241.62527449848], "1": [263968.2631259621], "2": [260562.8774130349], "3": [238403.45791640505], "4": [228476.66703830985], "5": [193292.55321045965], "6": [159138.38627612055], "7": [178334.64612255152], "8": [151932.63968099584], "9": [153203.4968301477], "10": [153634.92455142504], "11": [123128.24017423019], "12": [153734.54498921405], "13": [200968.02943731565], "14": [146159.60080111865], "15": [156107.16599982604], "16": [129827.98168222443], "17": [170589.42239887686], "18": [129545.97260405193], "19": [179374.5991368594], "20": [181460.06098623807], "21": [168210.3825195753], "22": [211851.1188839015], "23": [205961.05197463697], "24": [229050.23831537436], "25": [216374.42972398875], "26": [230442.47247020062], "27": [210412.46238702093], "28": [230299.25753198098], "29": [252118.69111702777], "30": [147732.1780855488], "31": [174124.0417862318]}, "Enfr-cs": {"0": [157461.16986985668], "1": [280283.615892265], "2": [268939.32161699363], "3": [251534.57643696433], "4": [246709.78392745787], "5": [214502.00374152255], "6": [179837.05724005448], "7": [207554.94526979048], "8": [180660.87863754295], "9": [181794.60320277791], "10": [179810.5955079873], "11": [142277.20214721002], "12": [174796.41903625592], "13": [239005.7987297636], "14": [172945.45787026384], "15": [179748.27396999707], "16": [155508.06705115433], "17": [206342.597169959], "18": [148918.2178183922], "19": [213837.99772141268], "20": [200451.1465017337], "21": [190515.7732022598], "22": [247926.86355531448], "23": [227281.66455768258], "24": [252524.14564577816], "25": [242661.92140098521], "26": [246695.27355411975], "27": [229288.6471385127], "28": [242914.22284280742], "29": [263217.2480987152], "30": [169778.98448604997], "31": [177490.74676110828]}, "de-hi": {"0": [159661.75424357597], "1": [229403.12600405142], "2": [247289.01809729077], "3": [220915.12784552202], "4": [220246.89610477758], "5": [191619.67065334227], "6": [164750.12997916527], "7": [171122.32784289587], "8": [162706.49946826464], "9": [158385.8197474638], "10": [151738.68441833742], "11": [122921.11671912391], "12": [153159.05416517332], "13": [208796.7243034765], "14": [152057.10706627928], "15": [160720.5833833064], "16": [137271.12768588495], "17": [176964.8840291202], "18": [132094.6833918332], "19": [183520.2801956029], "20": [181506.54820322897], "21": [168007.59251604695], "22": [177730.44587129634], "23": [209148.98144879192], "24": [231179.45955673046], "25": [144954.34867831785], "26": [146400.51422173856], "27": [251672.19486479927], "28": [212101.65983788483], "29": [246046.008595624], "30": [147672.39850791916],