{"Ende": {"19.npy.gz": 5.238889345217907, "14.npy.gz": 2.190199333347465, "23.npy.gz": 1.799349112896388, "4.npy.gz": 0.15428594518399186, "9.npy.gz": 0.3122515950907241, "16.npy.gz": 4.2860412338901135, "6.npy.gz": 0.14640654146176021, "21.npy.gz": 3.7428856833983377, "10.npy.gz": 0.3502674824063083, "0.npy.gz": 0.8037554847803968, "12.npy.gz": 0.8136718087586909, "2.npy.gz": 0.20139676424453112, "1.npy.gz": 0.35891528531456673, "11.npy.gz": 0.5247636510089877, "3.npy.gz": 0.11172259199593014, "13.npy.gz": 1.3591424930049179, "8.npy.gz": 0.22033184246226895, "5.npy.gz": 0.2017213466593183, "22.npy.gz": 2.8833450801254874, "15.npy.gz": 3.1799074211463454, "18.npy.gz": 5.792696498219434, "20.npy.gz": 4.413370278319484, "7.npy.gz": 0.22686654760895372, "17.npy.gz": 5.674343151178565}, "de": {"14.npy.gz": 2.5404549899711015, "19.npy.gz": 6.046848709789346, "5.npy.gz": 0.2665597135347351, "23.npy.gz": 2.416898426508612, "8.npy.gz": 0.29296875, "16.npy.gz": 4.913235620888627, "7.npy.gz": 0.3072055674645424, "21.npy.gz": 4.685528234200921, "10.npy.gz": 0.4664470072531275, "1.npy.gz": 0.6178905032035439, "12.npy.gz": 1.05067267291532, "3.npy.gz": 0.16387193310582152, "0.npy.gz": 0.9531501019525457, "11.npy.gz": 0.6698545156184647, "2.npy.gz": 0.3128126604148447, "13.npy.gz": 1.638043509258907, "22.npy.gz": 3.9495805745940906, "9.npy.gz": 0.4060426489600365, "4.npy.gz": 0.18402033466101372, "18.npy.gz": 6.564936671784098, "15.npy.gz": 3.490782978915548, "20.npy.gz": 5.7533972299326965, "6.npy.gz": 0.1767051206794935, "17.npy.gz": 6.277003165519601}, "hi": {"5.npy.gz": 0.5748585497637663, "8.npy.gz": 0.3708235049074751, "10.npy.gz": 0.33456562166038584, "7.npy.gz": 0.4521908967391304, "12.npy.gz": 0.451100578632094, "1.npy.gz": 0.5097195954496878, "23.npy.gz": 2.4624985499043817, "14.npy.gz": 1.3906719083961416, "19.npy.gz": 4.266134620725294, "21.npy.gz": 3.2550801683165536, "3.npy.gz": 0.07535828347347995, "16.npy.gz": 2.572140059902132, "18.npy.gz": 3.6014360560563023, "15.npy.gz": 1.5712966974731426, "22.npy.gz": 2.7880614946003712, "0.npy.gz": 1.2353743575636988, "17.npy.gz": 2.9845906467953762, "2.npy.gz": 0.17627450222172228, "20.npy.gz": 2.929975871287755, "11.npy.gz": 0.3612797884793858, "9.npy.gz": 0.3367187939422915, "4.npy.gz": 0.2179977079700771, "13.npy.gz": 0.8432635588334552, "6.npy.gz": 0.3768024029402666}, "Enhi": {"1.npy.gz": 0.37084233586026144, "20.npy.gz": 4.595669041536726, "17.npy.gz": 5.783850322017451, "3.npy.gz": 0.1145230284984407, "22.npy.gz": 3.071613373780771, "15.npy.gz": 3.2194682150321814, "18.npy.gz": 5.923618440423661, "8.npy.gz": 0.21429815539778385, "5.npy.gz": 0.2042513094270453, "13.npy.gz": 1.3618190305470772, "7.npy.gz": 0.22529104426547675, "11.npy.gz": 0.531209566385774, "12.npy.gz": 0.819503179740893, "4.npy.gz": 0.1575841796745405, "9.npy.gz": 0.30805359838431423, "10.npy.gz": 0.35042789649824163, "6.npy.gz": 0.14720362679152013, "16.npy.gz": 4.399566012540641, "21.npy.gz": 3.9507950129802265, "0.npy.gz": 0.8042595775827749, "19.npy.gz": 5.399219086946785, "14.npy.gz": 2.2021221945292284, "23.npy.gz": 1.924248012532347, "2.npy.gz": 0.21008308070964102}, "cs": {"4.npy.gz": 0.1540142619020864, "9.npy.gz": 0.17013484075926133, "13.npy.gz": 0.7075825759916845, "6.npy.gz": 0.056467750355845225, "11.npy.gz": 0.1915813925721991, "20.npy.gz": 3.7077806904802038, "0.npy.gz": 1.1119541462992095, "17.npy.gz": 3.886639738313294, "2.npy.gz": 0.2531154015432446, "22.npy.gz": 4.60243075064614, "15.npy.gz": 1.8414880709911225, "18.npy.gz": 4.257936138657901, "16.npy.gz": 2.695717800689216, "21.npy.gz": 4.486883474734989, "1.npy.gz": 0.8731998504045398, "19.npy.gz": 5.232296553685807, "14.npy.gz": 1.3235737805277747, "3.npy.gz": 0.31891092046859193, "23.npy.gz": 5.977965689028729, "12.npy.gz": 0.5024265366895156, "8.npy.gz": 0.09314234160205266, "5.npy.gz": 0.10360773214218827, "10.npy.gz": 0.1786066493894445, "7.npy.gz": 0.09940109141476572}, "Encs": {"1.npy.gz": 0.36465552479997343, "13.npy.gz": 1.3794849056721226, "3.npy.gz": 0.11015790997144848, "11.npy.gz": 0.5426615255967597, "20.npy.gz": 4.448233920064075, "17.npy.gz": 5.77374705873809, "8.npy.gz": 0.21561472892666247, "5.npy.gz": 0.19692383947246106, "22.npy.gz": 2.915979767023007, "15.npy.gz": 3.222792419532884, "18.npy.gz": 5.859501443137678, "7.npy.gz": 0.22416098818100327, "4.npy.gz": 0.15421523812290427, "16.npy.gz": 4.348509190016932, "9.npy.gz": 0.31210056937020686, "21.npy.gz": 3.7839632752066663, "19.npy.gz": 5.293885624854752, "6.npy.gz": 0.14302988363600147, "14.npy.gz": 2.221628623925169, "23.npy.gz": 1.8432361869625842, "12.npy.gz": 0.8368201379436274, "0.npy.gz": 0.8090447953670197, "10.npy.gz": 0.3543423037498755, "2.npy.gz": 0.20368692627236812}, "fr": {"5.npy.gz": 0.25134864178247646, "8.npy.gz": 0.2647657461529286, "11.npy.gz": 0.6056627111788739, "7.npy.gz": 0.30949039816443996, "13.npy.gz": 1.5296168818218419, "15.npy.gz": 3.4747970455460457, "18.npy.gz": 8.021325711260886, "1.npy.gz": 0.7107599643624002, "22.npy.gz": 5.004411015037874, "17.npy.gz": 7.245909108277168, "3.npy.gz": 0.16982087539514493, "20.npy.gz": 6.8502603390045325, "23.npy.gz": 3.0380582121182753, "19.npy.gz": 7.34527489599487, "0.npy.gz": 0.9583662620780151, "14.npy.gz": 2.627198343187105, "21.npy.gz": 6.340200685166408, "2.npy.gz": 0.3165003765060241, "16.npy.gz": 5.558441027414112, "9.npy.gz": 0.36254431401347964, "10.npy.gz": 0.39514784851037815, "4.npy.gz": 0.17202842154509126, "12.npy.gz": 0.8920991049594417, "6.npy.gz": 0.17721236896844805}, "Enfr": {"21.npy.gz": 3.8779228131994676, "4.npy.gz": 0.1518808593116424, "16.npy.gz": 4.4135733792616865, "9.npy.gz": 0.3236401683183573, "23.npy.gz": 1.8839923453871605, "14.npy.gz": 2.2603682192152985, "6.npy.gz": 0.14834233687189802, "19.npy.gz": 5.3863154154637165, "12.npy.gz": 0.8522200252619457, "0.npy.gz": 0.7894643139536769, "2.npy.gz": 0.20053950270866447, "10.npy.gz": 0.36430941727219646, "13.npy.gz": 1.4035262564067215, "1.npy.gz": 0.35510355674408794, "3.npy.gz": 0.10946927612158174, "11.npy.gz": 0.5505712828851331, "8.npy.gz": 0.22108320729393063, "5.npy.gz": 0.20076442221915852, "17.npy.gz": 5.814229535999287, "20.npy.gz": 4.5773591332273655, "18.npy.gz": 5.950039737892108, "15.npy.gz": 3.2670509263389236, "7.npy.gz": 0.22882550706361304, "22.npy.gz": 3.0168707373000943}}