{"Ende": {"7.npy.gz": 49.962591876695775, "22.npy.gz": 48.119205541482955, "15.npy.gz": 48.887611351640665, "18.npy.gz": 48.27040298562829, "5.npy.gz": 49.95570774864338, "20.npy.gz": 48.33143110373919, "8.npy.gz": 49.87416635312447, "17.npy.gz": 48.48692760884772, "3.npy.gz": 50.03769792903171, "11.npy.gz": 49.753443223249114, "1.npy.gz": 49.85430886467695, "13.npy.gz": 49.47016888884178, "10.npy.gz": 49.83290298562829, "2.npy.gz": 49.94398469295828, "12.npy.gz": 49.66077163176191, "0.npy.gz": 50.0254217584153, "19.npy.gz": 48.29356922746736, "14.npy.gz": 49.142827523528915, "23.npy.gz": 47.91406945533746, "6.npy.gz": 49.94092765654146, "16.npy.gz": 48.69597027619976, "9.npy.gz": 49.85079807529252, "21.npy.gz": 48.31179055557911, "4.npy.gz": 50.03643768812531}, "hi": {"14.npy.gz": 49.66463243152033, "1.npy.gz": 49.84594519209812, "19.npy.gz": 51.233841870148765, "23.npy.gz": 54.29655504519025, "16.npy.gz": 49.99686911173294, "3.npy.gz": 49.97775833453442, "21.npy.gz": 51.71412150351187, "5.npy.gz": 49.974995462958404, "8.npy.gz": 49.90363867440168, "10.npy.gz": 49.70975567207098, "7.npy.gz": 49.85273839571967, "12.npy.gz": 49.74999033269587, "11.npy.gz": 49.729697233217564, "9.npy.gz": 49.78288251105588, "4.npy.gz": 50.070962681130126, "13.npy.gz": 49.42169198035604, "6.npy.gz": 49.934585033167636, "22.npy.gz": 51.93291566551479, "18.npy.gz": 50.783881044701616, "0.npy.gz": 50.04013441727248, "15.npy.gz": 49.84517482880083, "20.npy.gz": 51.22159982238526, "2.npy.gz": 49.987547853155405, "17.npy.gz": 50.32995580064613}, "de": {"1.npy.gz": 49.8651958308776, "16.npy.gz": 49.17283496401954, "21.npy.gz": 49.02843375401631, "14.npy.gz": 49.35720249284669, "3.npy.gz": 49.99752322450474, "19.npy.gz": 49.02420615446405, "23.npy.gz": 48.82025279003004, "8.npy.gz": 49.83648268767348, "12.npy.gz": 49.68046996796456, "5.npy.gz": 49.94122021333986, "7.npy.gz": 49.91752003403172, "10.npy.gz": 49.80996410866383, "13.npy.gz": 49.503170718230734, "4.npy.gz": 50.03049367371383, "9.npy.gz": 49.824990003778666, "6.npy.gz": 49.947193066989236, "11.npy.gz": 49.76336768092418, "20.npy.gz": 49.11820665412658, "0.npy.gz": 50.02090405944618, "17.npy.gz": 49.047312204717855, "22.npy.gz": 48.775810080112365, "18.npy.gz": 49.029163418761165, "15.npy.gz": 49.20467099806552, "2.npy.gz": 49.942211666199285}, "Enhi": {"11.npy.gz": 49.75796367247114, "7.npy.gz": 49.96709261060149, "8.npy.gz": 49.86685418187247, "13.npy.gz": 49.46106981641066, "5.npy.gz": 49.96743117732317, "22.npy.gz": 48.07270326703603, "18.npy.gz": 48.25242873834682, "3.npy.gz": 50.043193985966425, "15.npy.gz": 48.88917554564644, "20.npy.gz": 48.270086045841346, "1.npy.gz": 49.84789606539463, "17.npy.gz": 48.49013659563483, "14.npy.gz": 49.146576970568475, "2.npy.gz": 49.9323708923595, "19.npy.gz": 48.27475956254976, "23.npy.gz": 47.91319460283823, "16.npy.gz": 48.67957358606761, "0.npy.gz": 50.03029119200369, "21.npy.gz": 48.30537798171986, "6.npy.gz": 49.94116228756801, "10.npy.gz": 49.82732125232234, "4.npy.gz": 50.042758223056694, "12.npy.gz": 49.649868551875294, "9.npy.gz": 49.857842475304395}, "cs": {"19.npy.gz": 47.73945918256265, "14.npy.gz": 49.81879986515339, "6.npy.gz": 49.86189415594448, "23.npy.gz": 50.46962754183523, "16.npy.gz": 46.597151379953736, "21.npy.gz": 49.235728367770726, "4.npy.gz": 50.01952978682061, "9.npy.gz": 49.89250569762052, "10.npy.gz": 49.743579642024386, "2.npy.gz": 50.00782252277878, "12.npy.gz": 49.62535657681575, "0.npy.gz": 49.94701827452523, "3.npy.gz": 49.9933114412434, "11.npy.gz": 49.800385752612655, "1.npy.gz": 49.85235605533862, "13.npy.gz": 49.4741461324072, "7.npy.gz": 50.06660758348316, "22.npy.gz": 49.7370172824896, "15.npy.gz": 48.72679982769599, "18.npy.gz": 49.736113769220324, "8.npy.gz": 49.838360744535905, "20.npy.gz": 49.614964345244786, "5.npy.gz": 49.86939112131045, "17.npy.gz": 47.767652820307525}, "fr": {"2.npy.gz": 49.93793242276035, "10.npy.gz": 49.809034152544584, "0.npy.gz": 50.055677925190864, "12.npy.gz": 49.67664399864309, "14.npy.gz": 49.29082434316474, "6.npy.gz": 49.949886081299205, "19.npy.gz": 48.749524125275855, "23.npy.gz": 48.48549374245124, "9.npy.gz": 49.84616199171687, "16.npy.gz": 49.04110806235462, "4.npy.gz": 50.03408299814357, "21.npy.gz": 48.84575770206445, "22.npy.gz": 48.69230557750805, "18.npy.gz": 48.85681873145428, "7.npy.gz": 49.928119326781136, "15.npy.gz": 49.104359501744604, "20.npy.gz": 48.75065556548596, "5.npy.gz": 49.95659608964944, "17.npy.gz": 48.90674917336425, "8.npy.gz": 49.867097276016196, "11.npy.gz": 49.73876691015299, "3.npy.gz": 50.00975776170896, "13.npy.gz": 49.515325670721246, "1.npy.gz": 49.87384951315162}, "Encs": {"10.npy.gz": 49.82858038982354, "2.npy.gz": 49.939028470585306, "12.npy.gz": 49.65408237556439, "0.npy.gz": 50.02433381973955, "19.npy.gz": 48.270721501402676, "14.npy.gz": 49.13731737720361, "23.npy.gz": 47.8546360408851, "6.npy.gz": 49.939148429459514, "16.npy.gz": 48.668304116106704, "9.npy.gz": 49.8575666686033, "21.npy.gz": 48.29826827369194, "4.npy.gz": 50.04610149221058, "7.npy.gz": 49.97344045682414, "22.npy.gz": 48.07586938410909, "15.npy.gz": 48.87888219338252, "18.npy.gz": 48.248632857889845, "5.npy.gz": 49.968528627245114, "20.npy.gz": 48.28448435061917, "8.npy.gz": 49.865240794420835, "17.npy.gz": 48.472121103735766, "3.npy.gz": 50.047210301264066, "11.npy.gz": 49.76334707824275, "1.npy.gz": 49.85376202701188, "13.npy.gz": 49.47354426988231}, "Enfr": {"3.npy.gz": 50.04623363092825, "11.npy.gz": 49.75013659900412, "1.npy.gz": 49.853441179809906, "13.npy.gz": 49.47436943973627, "22.npy.gz": 48.065411852333185, "15.npy.gz": 48.883006944500764, "7.npy.gz": 49.965682351307294, "18.npy.gz": 48.26017789295909, "20.npy.gz": 48.273771267882054, "17.npy.gz": 48.47741212553119, "8.npy.gz": 49.8713777188017, "5.npy.gz": 49.959970662892914, "6.npy.gz": 49.94663071840432, "19.npy.gz": 48.26376710148571, "14.npy.gz": 49.15119970166169, "23.npy.gz": 47.86876092285172, "4.npy.gz": 50.0449712305771, "16.npy.gz": 48.66930014678691, "9.npy.gz": 49.845640274252276, "21.npy.gz": 48.29034720222938, "10.npy.gz": 49.8387247912747, "2.npy.gz": 49.94059907406657, "12.npy.gz": 49.65582087891703, "0.npy.gz": 50.02365456316703}}