{"Encs": {"8.npy.gz": 85.39999832706002, "11.npy.gz": 88.74231476988128, "5.npy.gz": 82.72442830194258, "26.npy.gz": 86.49531828882621, "30.npy.gz": 87.5637725286008, "7.npy.gz": 84.39911153108245, "13.npy.gz": 85.22553617888319, "24.npy.gz": 86.22854819221328, "29.npy.gz": 87.1198953122147, "1.npy.gz": 77.53257479176436, "15.npy.gz": 84.60114051223866, "18.npy.gz": 85.10693089467533, "22.npy.gz": 85.79335765991232, "17.npy.gz": 84.76288053548603, "3.npy.gz": 79.77151964128795, "20.npy.gz": 85.76484817713089, "23.npy.gz": 85.7041044074706, "19.npy.gz": 85.0266546997423, "0.npy.gz": 82.17318687997472, "14.npy.gz": 85.15841432556657, "21.npy.gz": 85.96422914719226, "16.npy.gz": 84.56304404591585, "2.npy.gz": 77.3675735892577, "31.npy.gz": 89.87906471729389, "27.npy.gz": 86.6778622608863, "10.npy.gz": 86.66599058763768, "4.npy.gz": 81.2232651790772, "9.npy.gz": 85.334271806189, "28.npy.gz": 86.89821860747588, "25.npy.gz": 86.27319842520583, "6.npy.gz": 83.66659887639386, "12.npy.gz": 86.65834523573929}, "Enfr": {"8.npy.gz": 85.44947000251656, "18.npy.gz": 85.11851797018188, "15.npy.gz": 84.61107223153861, "5.npy.gz": 82.72842306745355, "22.npy.gz": 85.796683953051, "7.npy.gz": 84.50321738648091, "17.npy.gz": 84.77074112689364, "20.npy.gz": 85.78113322400766, "1.npy.gz": 77.39880558394681, "11.npy.gz": 88.74276860014658, "30.npy.gz": 87.59292304065328, "26.npy.gz": 86.52075826512674, "13.npy.gz": 85.24398147860693, "3.npy.gz": 79.67570934703396, "29.npy.gz": 87.16357505823832, "24.npy.gz": 86.26126114175226, "27.npy.gz": 86.68968885490246, "31.npy.gz": 89.91813282244715, "0.npy.gz": 82.17497039932526, "10.npy.gz": 86.67520352364608, "25.npy.gz": 86.30848592326988, "28.npy.gz": 86.94752779086464, "12.npy.gz": 86.66843237722055, "2.npy.gz": 77.32019086923091, "23.npy.gz": 85.7414838345596, "14.npy.gz": 85.16770485764053, "4.npy.gz": 81.24687646989652, "9.npy.gz": 85.3397197749994, "19.npy.gz": 85.03551494910103, "21.npy.gz": 85.9848130861846, "6.npy.gz": 83.71223031200327, "16.npy.gz": 84.58505225165338}, "de": {"13.npy.gz": 84.86211828879246, "29.npy.gz": 85.75897559117325, "24.npy.gz": 84.7805081648928, "7.npy.gz": 84.18288210407538, "11.npy.gz": 88.67697151329423, "8.npy.gz": 84.9820153886109, "30.npy.gz": 86.15480850366518, "5.npy.gz": 82.62405015474091, "26.npy.gz": 84.72928054759092, "17.npy.gz": 84.5823491833102, "20.npy.gz": 85.31724365633555, "3.npy.gz": 81.11668161767676, "18.npy.gz": 84.7050375292757, "15.npy.gz": 84.4841874594507, "1.npy.gz": 78.2609898743328, "22.npy.gz": 85.0621246404034, "2.npy.gz": 78.78081543172982, "21.npy.gz": 85.4321510004242, "16.npy.gz": 84.38670341404378, "23.npy.gz": 84.68890251589889, "0.npy.gz": 81.87024102627475, "14.npy.gz": 84.9331538438516, "19.npy.gz": 84.47883612049175, "6.npy.gz": 83.65859106342268, "25.npy.gz": 84.59492986603578, "28.npy.gz": 85.5586044071899, "12.npy.gz": 86.2908280844507, "27.npy.gz": 84.96702917946024, "4.npy.gz": 81.82034787852854, "9.npy.gz": 85.05636878310784, "31.npy.gz": 88.22559287210005, "10.npy.gz": 86.5774261928329}, "hi": {"14.npy.gz": 86.22523824411876, "19.npy.gz": 87.35580337054952, "4.npy.gz": 83.47821541675748, "23.npy.gz": 86.67981077872552, "9.npy.gz": 86.93843708309751, "16.npy.gz": 87.09429129350507, "6.npy.gz": 85.05083673400897, "21.npy.gz": 86.67180109455855, "10.npy.gz": 87.48820338288633, "27.npy.gz": 84.13799828086769, "31.npy.gz": 87.54280150838507, "0.npy.gz": 82.52882246990173, "12.npy.gz": 87.36867897689822, "25.npy.gz": 84.9628513927729, "2.npy.gz": 81.00014310081856, "28.npy.gz": 83.65448253804743, "30.npy.gz": 85.43660010306664, "1.npy.gz": 80.35341813490679, "26.npy.gz": 84.1953970408492, "11.npy.gz": 88.78282619626297, "29.npy.gz": 85.00606417354217, "3.npy.gz": 83.06376476900417, "24.npy.gz": 86.6162348654509, "13.npy.gz": 86.18427973723169, "8.npy.gz": 86.90979168689843, "22.npy.gz": 86.66839985820921, "5.npy.gz": 84.60200845246455, "18.npy.gz": 87.67514281656686, "15.npy.gz": 86.61495882250259, "20.npy.gz": 87.84073247597894, "7.npy.gz": 85.81166592724607, "17.npy.gz": 87.14808421084258}, "Enhi": {"10.npy.gz": 86.7131753936316, "9.npy.gz": 85.3222635190826, "4.npy.gz": 81.29019305366059, "31.npy.gz": 89.7964312508035, "27.npy.gz": 86.50783508191435, "12.npy.gz": 86.67418372535364, "6.npy.gz": 83.6829864277187, "28.npy.gz": 86.69462509615943, "25.npy.gz": 86.21882059683125, "19.npy.gz": 85.0848405681208, "0.npy.gz": 82.19345120109865, "14.npy.gz": 85.18549268812517, "23.npy.gz": 85.7203829526569, "2.npy.gz": 77.37229490049184, "16.npy.gz": 84.60074422149223, "21.npy.gz": 85.99081636147496, "22.npy.gz": 85.84432246934821, "15.npy.gz": 84.66147786706723, "1.npy.gz": 77.56239748232066, "18.npy.gz": 85.16804435243493, "20.npy.gz": 85.79533235070147, "17.npy.gz": 84.81576284363388, "3.npy.gz": 79.83210221131696, "26.npy.gz": 86.41350921879925, "30.npy.gz": 87.42046152443538, "5.npy.gz": 82.7858753316982, "8.npy.gz": 85.39737875812301, "11.npy.gz": 88.78829760649852, "24.npy.gz": 86.18503094953418, "29.npy.gz": 86.93755178126918, "7.npy.gz": 84.43330191844541, "13.npy.gz": 85.235713553503}, "Ende": {"22.npy.gz": 85.82433500349754, "18.npy.gz": 85.16787162368047, "6.npy.gz": 83.68402531212905, "15.npy.gz": 84.67172628826098, "20.npy.gz": 85.82850510091201, "4.npy.gz": 81.25275584546434, "9.npy.gz": 85.38435629511034, "17.npy.gz": 84.86752524787498, "30.npy.gz": 87.5993124897326, "26.npy.gz": 86.48227328746344, "11.npy.gz": 88.73174989831959, "2.npy.gz": 77.39182814917808, "29.npy.gz": 87.19537940372223, "24.npy.gz": 86.29521838766004, "13.npy.gz": 85.2379723170945, "0.npy.gz": 82.21213659189789, "3.npy.gz": 79.79962003985077, "10.npy.gz": 86.67126408952646, "27.npy.gz": 86.60771217753731, "31.npy.gz": 89.89226389278977, "1.npy.gz": 77.4253265862144, "12.npy.gz": 86.67780065770995, "25.npy.gz": 86.3084432580258, "28.npy.gz": 86.90017956362875, "14.npy.gz": 85.1989679852441, "19.npy.gz": 85.0616373311509, "7.npy.gz": 84.55618177973176, "23.npy.gz": 85.75908110387167, "8.npy.gz": 85.46055450103071, "16.npy.gz": 84.64449096700389, "5.npy.gz": 82.74026902748484, "21.npy.gz": 86.01259818618048}, "fr": {"12.npy.gz": 86.44375742498536, "25.npy.gz": 84.92457523957991, "7.npy.gz": 83.54777122587659, "28.npy.gz": 84.24708828157618, "10.npy.gz": 86.57645938021889, "5.npy.gz": 82.19044068882663, "27.npy.gz": 84.3089186859404, "31.npy.gz": 88.20041518613516, "8.npy.gz": 84.77414356528838, "16.npy.gz": 84.71915841059939, "3.npy.gz": 79.61344090393132, "21.npy.gz": 85.62672089580475, "14.npy.gz": 85.17433156492771, "19.npy.gz": 84.98313982987567, "23.npy.gz": 85.031932278833, "1.npy.gz": 78.06342788290384, "2.npy.gz": 78.30347541009101, "20.npy.gz": 85.67601626775124, "17.npy.gz": 84.92417169985247, "22.npy.gz": 85.35418669136244, "0.npy.gz": 81.54968148865962, "18.npy.gz": 85.15723600573007, "15.npy.gz": 84.69389067136429, "29.npy.gz": 84.59591897961974, "24.npy.gz": 85.23504035819562, "6.npy.gz": 82.93388700707067, "13.npy.gz": 85.15306591319252, "30.npy.gz": 85.10123990848527, "9.npy.gz": 85.05230803172856, "4.npy.gz": 80.46878440189828, "26.npy.gz": 84.64448281067106, "11.npy.gz": 88.71271442175338}, "cs": {"15.npy.gz": 86.66407921682445, "18.npy.gz": 88.24263303812226, "7.npy.gz": 85.38230138400674, "22.npy.gz": 87.50862224176055, "17.npy.gz": 87.49550255237011, "5.npy.gz": 85.47641033848899, "8.npy.gz": 85.64084472381904, "20.npy.gz": 88.58943901629279, "11.npy.gz": 89.63212144952206, "26.npy.gz": 85.28981884485792, "30.npy.gz": 80.78763988726494, "3.npy.gz": 84.71394710452896, "13.npy.gz": 86.8635896699243, "24.npy.gz": 87.38507503257037, "1.npy.gz": 77.99422971433471, "29.npy.gz": 82.71780394479015, "31.npy.gz": 82.66144296080493, "2.npy.gz": 81.36988125896929, "27.npy.gz": 84.12629928500276, "10.npy.gz": 87.59292149296385, "28.npy.gz": 82.7314858151343, "0.npy.gz": 77.48450419873956, "25.npy.gz": 86.2609831274201, "12.npy.gz": 88.63762700031253, "23.npy.gz": 86.30450219747595, "6.npy.gz": 85.23899805243508, "19.npy.gz": 87.81602457051295,