{"de": {"0.npy.gz": 0.2958214977874634, "13.npy.gz": 0.35966669879914637, "2.npy.gz": 1.7177287478551941, "11.npy.gz": 0.12326785387514734, "4.npy.gz": 0.47781158207061103, "20.npy.gz": 11.751013992630423, "9.npy.gz": 0.1132567793095745, "17.npy.gz": 4.776257774921337, "22.npy.gz": 33.71252428873841, "6.npy.gz": 0.1454121577222518, "18.npy.gz": 5.783909006016151, "15.npy.gz": 2.668172313467242, "16.npy.gz": 3.685049718947251, "8.npy.gz": 0.1305092658881992, "21.npy.gz": 16.803435948580507, "5.npy.gz": 0.2388983644221263, "14.npy.gz": 0.6587340907092475, "19.npy.gz": 8.612703180996663, "7.npy.gz": 0.08655764076699685, "23.npy.gz": 54.756684935887534, "12.npy.gz": 0.18803581157434696, "1.npy.gz": 1.8704259489429256, "10.npy.gz": 0.13357181549797523, "3.npy.gz": 1.0722553391407468}, "Enhi": {"10.npy.gz": 0.1253223349582808, "1.npy.gz": 1.8355159925311857, "12.npy.gz": 0.15673371302916198, "3.npy.gz": 1.1108592829876087, "14.npy.gz": 0.4696329463715497, "19.npy.gz": 7.399958474548594, "8.npy.gz": 0.13028420035788932, "23.npy.gz": 57.92215957423923, "5.npy.gz": 0.2654658736408085, "16.npy.gz": 2.7212393401700696, "7.npy.gz": 0.09268304504511976, "21.npy.gz": 17.82689459345556, "22.npy.gz": 36.54225630194164, "4.npy.gz": 0.46725852449447614, "9.npy.gz": 0.1155188844417673, "18.npy.gz": 4.403483018918784, "15.npy.gz": 2.03187092164795, "6.npy.gz": 0.1518172058506403, "20.npy.gz": 11.805413361132306, "17.npy.gz": 3.566333061270403, "0.npy.gz": 0.3749525196621408, "11.npy.gz": 0.11641754419705064, "2.npy.gz": 1.7644202208504747, "13.npy.gz": 0.2635312645146307}, "Ende": {"18.npy.gz": 4.021161283014668, "15.npy.gz": 1.915885378025903, "9.npy.gz": 0.11183189015601153, "22.npy.gz": 35.30687445682126, "4.npy.gz": 0.45352277906138716, "17.npy.gz": 3.2760185926106495, "20.npy.gz": 10.995162231590214, "6.npy.gz": 0.14785350005829234, "11.npy.gz": 0.11268184895391724, "0.npy.gz": 0.3762150312129049, "13.npy.gz": 0.2529536171729269, "2.npy.gz": 1.7220562693424621, "1.npy.gz": 1.7924682969094454, "10.npy.gz": 0.121965568429922, "3.npy.gz": 1.0875999084545107, "12.npy.gz": 0.14985150354523488, "5.npy.gz": 0.2513037945671528, "23.npy.gz": 57.07298947690563, "8.npy.gz": 0.12608536385026287, "14.npy.gz": 0.4424666905576988, "19.npy.gz": 6.811516399360904, "7.npy.gz": 0.0903398974054604, "21.npy.gz": 16.799825222305834, "16.npy.gz": 2.5231322931681364}, "hi": {"20.npy.gz": 7.493484800031815, "4.npy.gz": 0.7266458667660934, "17.npy.gz": 2.769048557660196, "9.npy.gz": 0.4001838215907812, "22.npy.gz": 20.39950402060981, "18.npy.gz": 3.7324596104427976, "6.npy.gz": 0.19370517336991674, "15.npy.gz": 2.435257762186076, "13.npy.gz": 0.6174527054609722, "0.npy.gz": 0.33383027487661004, "11.npy.gz": 0.3607370325199322, "2.npy.gz": 2.710662984266023, "1.npy.gz": 2.6912339687535156, "12.npy.gz": 0.38807531719743094, "3.npy.gz": 1.6444146106800859, "10.npy.gz": 0.41495014801960883, "16.npy.gz": 2.759693999064908, "8.npy.gz": 0.2703844719806373, "5.npy.gz": 0.3899868068762655, "21.npy.gz": 11.806042735196721, "14.npy.gz": 0.8131308190579476, "19.npy.gz": 5.431882074159647, "7.npy.gz": 0.20445798941166543, "23.npy.gz": 35.80882564171126}, "Encs": {"13.npy.gz": 0.2569401558246323, "3.npy.gz": 1.0990226788411739, "1.npy.gz": 1.8111670461689933, "11.npy.gz": 0.11435768636810698, "17.npy.gz": 3.3751758532253247, "7.npy.gz": 0.0916242639064108, "20.npy.gz": 11.395618077400318, "8.npy.gz": 0.12724434948312638, "18.npy.gz": 4.163336457019189, "5.npy.gz": 0.2548449281906726, "15.npy.gz": 1.9563501105437235, "22.npy.gz": 36.2697958079496, "21.npy.gz": 17.40415099528257, "6.npy.gz": 0.14870239837343546, "16.npy.gz": 2.577861495743211, "23.npy.gz": 57.743987272168916, "14.npy.gz": 0.453632182878017, "4.npy.gz": 0.4548763509314515, "19.npy.gz": 7.0434874262350196, "9.npy.gz": 0.11366427544321238, "2.npy.gz": 1.7410377104013812, "12.npy.gz": 0.1530938658089456, "10.npy.gz": 0.12284558725121177, "0.npy.gz": 0.3742031974940656}, "Enfr": {"11.npy.gz": 0.11576504249014663, "2.npy.gz": 1.7233499207776461, "13.npy.gz": 0.26476075470062765, "0.npy.gz": 0.3775167067678091, "18.npy.gz": 4.28937464709812, "6.npy.gz": 0.14964314777325885, "15.npy.gz": 2.0162501653633584, "22.npy.gz": 36.43097776185953, "4.npy.gz": 0.4581111487596101, "9.npy.gz": 0.11439493420439062, "17.npy.gz": 3.4830920559442617, "20.npy.gz": 11.562689518446694, "23.npy.gz": 57.86378877612361, "14.npy.gz": 0.46838735688783373, "19.npy.gz": 7.209754518411214, "7.npy.gz": 0.09054871427137735, "21.npy.gz": 17.572521811490333, "8.npy.gz": 0.12948394467512248, "16.npy.gz": 2.6671719805537757, "5.npy.gz": 0.25512525038926914, "3.npy.gz": 1.0960197071307216, "10.npy.gz": 0.12418368473152593, "1.npy.gz": 1.7972023212453774, "12.npy.gz": 0.15687343886852434}, "cs": {"16.npy.gz": 3.135976588837229, "3.npy.gz": 1.653014105634528, "21.npy.gz": 9.941055635640241, "19.npy.gz": 6.0424022801016966, "14.npy.gz": 0.6541833871490711, "23.npy.gz": 30.715981591447537, "1.npy.gz": 2.748065329349974, "12.npy.gz": 0.21303023060292356, "7.npy.gz": 0.1635509907772877, "10.npy.gz": 0.30064221137908753, "8.npy.gz": 0.2148395433592726, "5.npy.gz": 0.22700633717622765, "6.npy.gz": 0.1304031190887553, "13.npy.gz": 0.35964903520877817, "4.npy.gz": 0.6124443662618927, "9.npy.gz": 0.2743406474744353, "11.npy.gz": 0.19950313720291604, "2.npy.gz": 3.02580329645536, "20.npy.gz": 8.964800860554323, "17.npy.gz": 3.318923394072836, "22.npy.gz": 20.264670494929206, "0.npy.gz": 0.21737998856378996, "15.npy.gz": 3.4005848071939266, "18.npy.gz": 4.461369741479613}, "fr": {"0.npy.gz": 0.33272824338039036, "20.npy.gz": 13.428181053615763, "17.npy.gz": 5.026226551083666, "2.npy.gz": 1.7966152929710797, "22.npy.gz": 35.299658590464894, "15.npy.gz": 2.5470095205233063, "18.npy.gz": 6.586920178393027, "9.npy.gz": 0.11196452735446738, "4.npy.gz": 0.4948183387557035, "13.npy.gz": 0.30837024323314294, "6.npy.gz": 0.14910474392930634, "11.npy.gz": 0.11982017352361177, "12.npy.gz": 0.1723673439503683, "5.npy.gz": 0.27425812178944736, "8.npy.gz": 0.13245313303803083, "10.npy.gz": 0.12164620444183914, "7.npy.gz": 0.09643561968325033, "16.npy.gz": 3.6038605904900542, "21.npy.gz": 18.534311747104447, "1.npy.gz": 1.937147957548014, "19.npy.gz": 9.692754862659177, "14.npy.gz": 0.593928205473503, "23.npy.gz": 55.22853519585769, "3.npy.gz": 1.1866062932888732}}