{"Enhi": {"16.npy.gz": 0.015571639292764249, "0.npy.gz": 0.03681143628491806, "21.npy.gz": 0.0202791746669929, "14.npy.gz": 0.008481987343241989, "19.npy.gz": 0.022452319437993497, "2.npy.gz": 0.005941116994144384, "23.npy.gz": 0.022423970549814213, "12.npy.gz": 0.007090461917755955, "25.npy.gz": 0.03388664099304956, "9.npy.gz": 0.001793269669398182, "28.npy.gz": 0.07988068714335478, "4.npy.gz": 0.003222053633634132, "10.npy.gz": 0.0027992502156459426, "27.npy.gz": 0.06760156872055603, "6.npy.gz": 0.000670653697498507, "31.npy.gz": 0.03346464754329507, "29.npy.gz": 0.08733725470274036, "5.npy.gz": 0.0026882845676298854, "24.npy.gz": 0.025116304958612567, "8.npy.gz": 0.0006552643010583239, "13.npy.gz": 0.0043009313209143385, "30.npy.gz": 0.06419322239317232, "7.npy.gz": 0.0005232394789662265, "26.npy.gz": 0.04771522864690465, "11.npy.gz": 0.006628780024550461, "20.npy.gz": 0.019406838879304625, "1.npy.gz": 0.01953643379669564, "17.npy.gz": 0.019185717551506203, "22.npy.gz": 0.019222166122022426, "3.npy.gz": 0.0026793749170592527, "18.npy.gz": 0.023249328179948243, "15.npy.gz": 0.013756500481056333}, "cs": {"18.npy.gz": 0.019229835047009026, "15.npy.gz": 0.0073469894791549605, "22.npy.gz": 0.006980280146177473, "5.npy.gz": 0.0014083101565718994, "8.npy.gz": 0.0027260860887927483, "17.npy.gz": 0.016436076911731656, "7.npy.gz": 0.0010928121020152076, "20.npy.gz": 0.01157466341021463, "11.npy.gz": 0.0018609812783271528, "30.npy.gz": 0.14028781031108364, "1.npy.gz": 0.02050828803329962, "26.npy.gz": 0.045389653448889386, "13.npy.gz": 0.001995410884181743, "29.npy.gz": 0.12778128453103343, "24.npy.gz": 0.010267861323369668, "3.npy.gz": 0.006096885593418736, "27.npy.gz": 0.05417604564651459, "0.npy.gz": 0.056324175878844064, "31.npy.gz": 0.2942023931176724, "10.npy.gz": 0.003361654633479417, "2.npy.gz": 0.012447084117597483, "25.npy.gz": 0.030580449114132675, "28.npy.gz": 0.11589935345029405, "12.npy.gz": 0.004918111702625763, "9.npy.gz": 0.0012437024759336256, "4.npy.gz": 0.0036744092266921377, "23.npy.gz": 0.012387642455144773, "14.npy.gz": 0.005968857397366746, "19.npy.gz": 0.016626290231580326, "21.npy.gz": 0.007966097255777802, "6.npy.gz": 0.0013461250327752182, "16.npy.gz": 0.008324576204723377}, "Ende": {"10.npy.gz": 0.002721689789299644, "6.npy.gz": 0.0005357265876716975, "31.npy.gz": 0.03377395948151603, "27.npy.gz": 0.0720349396409191, "12.npy.gz": 0.0071383290762251994, "4.npy.gz": 0.0030247437786162456, "28.npy.gz": 0.08079452475835171, "9.npy.gz": 0.001659344793963032, "25.npy.gz": 0.035557506730117004, "19.npy.gz": 0.022979110140749534, "14.npy.gz": 0.008539332764541292, "23.npy.gz": 0.021950713816347295, "2.npy.gz": 0.00572738919153807, "16.npy.gz": 0.015660273497117176, "21.npy.gz": 0.020561302357130745, "0.npy.gz": 0.036460872583517046, "3.npy.gz": 0.002547806352806512, "22.npy.gz": 0.019739910123791757, "15.npy.gz": 0.013730167352043413, "18.npy.gz": 0.023727636934034253, "1.npy.gz": 0.01970678946922164, "20.npy.gz": 0.019709273518314398, "17.npy.gz": 0.019395455316262505, "26.npy.gz": 0.05045434913939291, "7.npy.gz": 0.0005440067513142276, "30.npy.gz": 0.062094603188061724, "11.npy.gz": 0.006677123961336272, "8.npy.gz": 0.0006052799622689503, "24.npy.gz": 0.025401058006189584, "5.npy.gz": 0.0029369740440054262, "29.npy.gz": 0.08528816956715278, "13.npy.gz": 0.004419951352382567}, "fr": {"17.npy.gz": 0.01876559843955028, "2.npy.gz": 0.0048483013893445065, "20.npy.gz": 0.018981110860521292, "15.npy.gz": 0.01283900686284743, "18.npy.gz": 0.022783157692651795, "0.npy.gz": 0.03821413826717762, "22.npy.gz": 0.02280936866276989, "6.npy.gz": 0.0007542934733985446, "13.npy.gz": 0.003786757099561613, "24.npy.gz": 0.02611340706265657, "29.npy.gz": 0.12385120230302399, "4.npy.gz": 0.0023902948582697125, "9.npy.gz": 0.0014743670691429083, "11.npy.gz": 0.00608749780992783, "26.npy.gz": 0.07061235349815102, "30.npy.gz": 0.11750377903942504, "28.npy.gz": 0.11975064164454849, "25.npy.gz": 0.04187857750618812, "12.npy.gz": 0.0066779727200882745, "7.npy.gz": 0.0008278298062298701, "31.npy.gz": 0.05295999320611654, "27.npy.gz": 0.09919905682445128, "8.npy.gz": 0.0008183647336872241, "10.npy.gz": 0.002578140144116068, "5.npy.gz": 0.0022439502751103423, "21.npy.gz": 0.01988320508208577, "3.npy.gz": 0.002104886516983777, "16.npy.gz": 0.013822646324779315, "23.npy.gz": 0.027084669122032685, "19.npy.gz": 0.023661225191608015, "1.npy.gz": 0.017561349979124417, "14.npy.gz": 0.007866931447945246}, "de": {"25.npy.gz": 0.08008209823805088, "0.npy.gz": 0.03845871634853036, "28.npy.gz": 0.1462931397106354, "12.npy.gz": 0.0060693996207080115, "27.npy.gz": 0.1326922259995627, "31.npy.gz": 0.0747572165885585, "2.npy.gz": 0.0049349844575839385, "10.npy.gz": 0.0021797109680976464, "4.npy.gz": 0.002059028503935511, "21.npy.gz": 0.017571366782006922, "9.npy.gz": 0.00139898825763337, "16.npy.gz": 0.01421268097170995, "6.npy.gz": 0.0005922724010418648, "23.npy.gz": 0.027830304562435834, "14.npy.gz": 0.00759185532244572, "19.npy.gz": 0.022823838953002017, "17.npy.gz": 0.018846887595535954, "20.npy.gz": 0.01856096298813643, "8.npy.gz": 0.0007816510371116772, "5.npy.gz": 0.0022112740741092817, "18.npy.gz": 0.02376980380670368, "15.npy.gz": 0.012032041676964905, "22.npy.gz": 0.021967921784098256, "7.npy.gz": 0.000531931168960797, "13.npy.gz": 0.0038618388531883345, "1.npy.gz": 0.018731775091258222, "29.npy.gz": 0.16586783539773375, "24.npy.gz": 0.04234469169455112, "11.npy.gz": 0.005712922188106011, "3.npy.gz": 0.0022251989738202973, "30.npy.gz": 0.16023474930130424, "26.npy.gz": 0.11694223609975665}, "Enfr": {"21.npy.gz": 0.020475595156032048, "1.npy.gz": 0.01954582224997567, "16.npy.gz": 0.01536105220261459, "23.npy.gz": 0.02211259736797288, "19.npy.gz": 0.022443640872854966, "14.npy.gz": 0.008423394062023552, "3.npy.gz": 0.0024606511236091736, "28.npy.gz": 0.0785642266215493, "25.npy.gz": 0.03466294765951925, "12.npy.gz": 0.007275829376439485, "5.npy.gz": 0.0026420122781976836, "8.npy.gz": 0.0005710104474162261, "31.npy.gz": 0.032616496902066375, "27.npy.gz": 0.06789718124533688, "7.npy.gz": 0.0004926054067862589, "10.npy.gz": 0.0026158772646543613, "9.npy.gz": 0.0015744365734583318, "13.npy.gz": 0.0042346641641256046, "4.npy.gz": 0.002973847753187141, "24.npy.gz": 0.02515613849060888, "29.npy.gz": 0.08488889989903332, "6.npy.gz": 0.0005820980289194537, "11.npy.gz": 0.00675629698600253, "26.npy.gz": 0.04789122436297726, "30.npy.gz": 0.06140223439476758, "0.npy.gz": 0.036488438757014956, "17.npy.gz": 0.01866911134111331, "20.npy.gz": 0.019334366231306972, "15.npy.gz": 0.013451612273737307, "2.npy.gz": 0.00567288187911571, "18.npy.gz": 0.023217395667758784, "22.npy.gz": 0.019502263894070133}, "Encs": {"2.npy.gz": 0.0057183098481956105, "14.npy.gz": 0.008282836050844926, "19.npy.gz": 0.022527952362969356, "23.npy.gz": 0.02195652664461671, "16.npy.gz": 0.015455241982337904, "0.npy.gz": 0.03685817463314631, "21.npy.gz": 0.020452988052355497, "10.npy.gz": 0.0026958325379303474, "6.npy.gz": 0.0005779099818233127, "27.npy.gz": 0.06804991352586236, "31.npy.gz": 0.032708246011918594, "9.npy.gz": 0.0016453818556820823, "4.npy.gz": 0.002970603202499917, "12.npy.gz": 0.007070278781829953, "25.npy.gz": 0.03476943126265728, "28.npy.gz": 0.07839069269571064, "30.npy.gz": 0.06080699122912586, "26.npy.gz": 0.04796004422786428, "11.npy.gz": 0.006531274380830649, "7.npy.gz": 0.00047091963455728566, "29.npy.gz": 0.08409360241816341, "24.npy.gz": 0.024800686709438597, "5.npy.gz": 0.0027242011906145214, "13.npy.gz": 0.004142633824823213, "8.npy.gz": 0.0006532895446698317, "22.npy.gz": 0.019591391543690446, "18.npy.gz": 0.02325094773994887, "3.npy.gz": 0.002583168460127486, "15.npy.gz": 0.013599121563859102, "20.npy.gz": 0.019178019747435344, "17.npy.gz": 0.01885866977150493, "1.npy.gz": 0.019466569471880083}, "hi": {"13.npy.gz": 0.004988823278165251, "8.npy.gz": 0.0005987137212441644, "5.npy.gz": 0.0019252216449181618, "29.npy.gz": 0.4846312934149839, "24.npy.gz": 0.00801603520129085,