{"de": {"12.npy.gz": 0.016481511297958096, "2.npy.gz": 0.07561684706405186, "10.npy.gz": 0.029602480132324423, "0.npy.gz": 0.12256975223630176, "6.npy.gz": 0.22972092718591963, "16.npy.gz": 0.06263605555344309, "21.npy.gz": 0.13398909832598196, "4.npy.gz": 0.03574985919141412, "19.npy.gz": 0.02883011236168676, "14.npy.gz": 0.028972146338739117, "9.npy.gz": 0.033168182784991826, "23.npy.gz": 1.16706719629311, "20.npy.gz": 0.04715249540144112, "17.npy.gz": 0.0275304550553253, "7.npy.gz": 0.24603626801399295, "22.npy.gz": 0.19920683028584735, "8.npy.gz": 0.06963006851496255, "15.npy.gz": 0.04856819353872771, "18.npy.gz": 0.015529976484372031, "5.npy.gz": 0.12344052263156395, "3.npy.gz": 0.1678460994833454, "13.npy.gz": 0.01467498764211567, "1.npy.gz": 0.26558961218820104, "11.npy.gz": 0.02032478361819841}, "Enfr": {"22.npy.gz": 0.34603549901466246, "2.npy.gz": 0.08203226372173744, "18.npy.gz": 0.03967532646908554, "15.npy.gz": 0.03327937588193791, "20.npy.gz": 0.1044608571625523, "0.npy.gz": 0.16554630351437052, "17.npy.gz": 0.03890315561439647, "11.npy.gz": 0.01805216662746943, "6.npy.gz": 0.22730650839767086, "13.npy.gz": 0.020214245020598827, "9.npy.gz": 0.036695934925146785, "4.npy.gz": 0.03972838846627956, "7.npy.gz": 0.2945709055272164, "10.npy.gz": 0.03261887281238849, "5.npy.gz": 0.1256595210266163, "8.npy.gz": 0.09262961572850098, "12.npy.gz": 0.011293493731144777, "14.npy.gz": 0.023161957760242644, "19.npy.gz": 0.06995867943482986, "3.npy.gz": 0.150153572507461, "23.npy.gz": 1.657461175724608, "16.npy.gz": 0.042102714848185036, "1.npy.gz": 0.26088208109976646, "21.npy.gz": 0.16661783906964672}, "Encs": {"10.npy.gz": 0.032388896035988185, "2.npy.gz": 0.08191326882615119, "12.npy.gz": 0.011035405894143622, "0.npy.gz": 0.16737910350129478, "19.npy.gz": 0.06905335329794828, "14.npy.gz": 0.023036967045416818, "23.npy.gz": 1.6365065200566051, "6.npy.gz": 0.2267036299944391, "16.npy.gz": 0.04322572136134258, "21.npy.gz": 0.16363687294578533, "9.npy.gz": 0.03708674492048737, "4.npy.gz": 0.03832848137512035, "7.npy.gz": 0.29217118559310784, "22.npy.gz": 0.3421397304310116, "15.npy.gz": 0.032441580676687364, "18.npy.gz": 0.038628378560638756, "5.npy.gz": 0.12498660999593306, "20.npy.gz": 0.10322136912370107, "8.npy.gz": 0.09104311179285215, "17.npy.gz": 0.03861703109956509, "3.npy.gz": 0.1498075600287175, "11.npy.gz": 0.017522100963613427, "1.npy.gz": 0.26120477485599747, "13.npy.gz": 0.019838604088509678}, "hi": {"20.npy.gz": 0.03336387139497441, "17.npy.gz": 0.013890570291847123, "6.npy.gz": 0.3569555923596659, "22.npy.gz": 0.02640107799229428, "4.npy.gz": 0.08080781421374937, "15.npy.gz": 0.03753289629794983, "9.npy.gz": 0.025058091709319986, "18.npy.gz": 0.011080323432842118, "2.npy.gz": 0.09690923104505315, "13.npy.gz": 0.027531218800973055, "11.npy.gz": 0.017962098235629113, "0.npy.gz": 0.049280593282454016, "3.npy.gz": 0.25249995935338043, "12.npy.gz": 0.008754128378283368, "10.npy.gz": 0.0398680171304629, "1.npy.gz": 0.2889178200053434, "16.npy.gz": 0.019690952765552057, "7.npy.gz": 0.3550420428859188, "21.npy.gz": 0.0610186778906997, "8.npy.gz": 0.0880397541516677, "19.npy.gz": 0.0338829397129338, "5.npy.gz": 0.20516243927175318, "14.npy.gz": 0.042378220530541647, "23.npy.gz": 0.17507020879619214}, "Ende": {"23.npy.gz": 1.585968467812023, "2.npy.gz": 0.0830483853018484, "19.npy.gz": 0.06672652672969306, "14.npy.gz": 0.022721597051466848, "21.npy.gz": 0.16181012988595897, "0.npy.gz": 0.17229861317195186, "16.npy.gz": 0.04366461495251823, "10.npy.gz": 0.031253477668729865, "6.npy.gz": 0.2275297887167204, "9.npy.gz": 0.03651717769628624, "12.npy.gz": 0.01017052500211972, "4.npy.gz": 0.03803327565923351, "7.npy.gz": 0.293246963498389, "11.npy.gz": 0.017627640378582332, "5.npy.gz": 0.12431340883076139, "8.npy.gz": 0.0891980628391555, "13.npy.gz": 0.020096785176784808, "15.npy.gz": 0.033282945777513985, "3.npy.gz": 0.1484368375869086, "18.npy.gz": 0.03904262760725793, "22.npy.gz": 0.334858925883924, "17.npy.gz": 0.038588874639647275, "1.npy.gz": 0.26161011425301, "20.npy.gz": 0.10257549522002714}, "fr": {"10.npy.gz": 0.02947787631031552, "1.npy.gz": 0.26227351974419955, "12.npy.gz": 0.011055932812313611, "3.npy.gz": 0.1596124306166498, "23.npy.gz": 1.3556954457682215, "5.npy.gz": 0.11917982496197663, "19.npy.gz": 0.05917708970162829, "14.npy.gz": 0.014621352830877966, "8.npy.gz": 0.08905468330624478, "21.npy.gz": 0.1250605473409728, "7.npy.gz": 0.26692523885765834, "16.npy.gz": 0.03252417350404092, "9.npy.gz": 0.02938613791490218, "15.npy.gz": 0.022411107533475486, "18.npy.gz": 0.05567792519086246, "4.npy.gz": 0.03554061931513181, "22.npy.gz": 0.3158494707480914, "17.npy.gz": 0.04105001961745497, "6.npy.gz": 0.24581958325256473, "20.npy.gz": 0.08089651885698736, "0.npy.gz": 0.1361252171433258, "11.npy.gz": 0.018933057415304783, "2.npy.gz": 0.07492624233008768, "13.npy.gz": 0.015063298910369201}, "cs": {"7.npy.gz": 0.2773813171306701, "13.npy.gz": 0.05053455795595011, "8.npy.gz": 0.07372412220942427, "5.npy.gz": 0.16307134228565007, "11.npy.gz": 0.009783183152601417, "20.npy.gz": 0.0669294829475222, "3.npy.gz": 0.16379195813199984, "17.npy.gz": 0.010379428751357831, "1.npy.gz": 0.25920680021397535, "22.npy.gz": 0.06883527409446755, "18.npy.gz": 0.05911519055277747, "15.npy.gz": 0.05897618851134959, "16.npy.gz": 0.06733094279085665, "21.npy.gz": 0.08418311133975727, "2.npy.gz": 0.06777538352857998, "14.npy.gz": 0.07352933645400232, "19.npy.gz": 0.007429293319474097, "0.npy.gz": 0.08417030852015209, "23.npy.gz": 0.05379379003258793, "12.npy.gz": 0.0025779391762183017, "6.npy.gz": 0.31597450234342805, "10.npy.gz": 0.03221006515245158, "4.npy.gz": 0.06335109486786905, "9.npy.gz": 0.04642393837556655}, "Enhi": {"17.npy.gz": 0.03906152803811957, "3.npy.gz": 0.15096754917349545, "20.npy.gz": 0.10440409535490347, "15.npy.gz": 0.033436298655115784, "1.npy.gz": 0.26063319817447417, "18.npy.gz": 0.03849698017923495, "22.npy.gz": 0.34309606404684495, "7.npy.gz": 0.2935600268105965, "13.npy.gz": 0.020907710016339325, "5.npy.gz": 0.12622787944355054, "11.npy.gz": 0.0175933200040641, "8.npy.gz": 0.09185120766911618, "12.npy.gz": 0.010748278461117377, "6.npy.gz": 0.2270632547607989, "10.npy.gz": 0.03257368248623183, "9.npy.gz": 0.037192121354754165, "4.npy.gz": 0.039435733362086126, "21.npy.gz": 0.16663881455900403, "2.npy.gz": 0.08234623044671886, "16.npy.gz": 0.044056602135309535, "23.npy.gz": 1.6476074121553812, "0.npy.gz": 0.16333414416553313, "19.npy.gz": 0.07013271945084931, "14.npy.gz": 0.023773377627148165}}