{"Encs": {"8.npy.gz": 0.010127609008250058, "11.npy.gz": 0.009248788674741043, "5.npy.gz": 0.01726191989185286, "26.npy.gz": 0.14450748517438, "30.npy.gz": 1.350588596048023, "7.npy.gz": 0.012703482671973042, "13.npy.gz": 0.00853673549236828, "24.npy.gz": 0.080314695247398, "29.npy.gz": 0.5494876313322724, "1.npy.gz": 0.036405897256067195, "15.npy.gz": 0.008601780760308422, "18.npy.gz": 0.009230349050496332, "22.npy.gz": 0.03649910854345805, "17.npy.gz": 0.00876895317791159, "3.npy.gz": 0.044543850544989376, "20.npy.gz": 0.01436081988842917, "23.npy.gz": 0.05114057546022708, "19.npy.gz": 0.013141373089476611, "0.npy.gz": 0.1520409835278958, "14.npy.gz": 0.011722129922334085, "21.npy.gz": 0.01730974133494904, "16.npy.gz": 0.008806440326101391, "2.npy.gz": 0.0402062835495792, "31.npy.gz": 3.997337691104213, "27.npy.gz": 0.21174949999844378, "10.npy.gz": 0.00929073375406693, "4.npy.gz": 0.021279123745165333, "9.npy.gz": 0.009953344427475848, "28.npy.gz": 0.3211769171632748, "25.npy.gz": 0.10356827721938182, "6.npy.gz": 0.026245866930463796, "12.npy.gz": 0.008687291984827861}, "Enfr": {"8.npy.gz": 0.010314816670958089, "18.npy.gz": 0.009112804040492101, "15.npy.gz": 0.008613862872846855, "5.npy.gz": 0.016878268935815195, "22.npy.gz": 0.03700104140901239, "7.npy.gz": 0.012513127696499822, "17.npy.gz": 0.00877067295410679, "20.npy.gz": 0.014363565852377785, "1.npy.gz": 0.03653199711292049, "11.npy.gz": 0.009058158103083335, "30.npy.gz": 1.384228914777934, "26.npy.gz": 0.1473836570569225, "13.npy.gz": 0.008518826459962046, "3.npy.gz": 0.044174706641600704, "29.npy.gz": 0.5636401756044822, "24.npy.gz": 0.0813707706895538, "27.npy.gz": 0.21554100048253155, "31.npy.gz": 4.082676586841993, "0.npy.gz": 0.15220319114534336, "10.npy.gz": 0.009291987277285335, "25.npy.gz": 0.10558426675986149, "28.npy.gz": 0.32866482266458785, "12.npy.gz": 0.008580204143283485, "2.npy.gz": 0.03981174332008061, "23.npy.gz": 0.0514455862048691, "14.npy.gz": 0.01184252700808139, "4.npy.gz": 0.02128182072533818, "9.npy.gz": 0.009941996742912058, "19.npy.gz": 0.013182540429757193, "21.npy.gz": 0.017225349835371592, "6.npy.gz": 0.026097196970695333, "16.npy.gz": 0.008899566089081812}, "de": {"13.npy.gz": 0.008423868080178904, "29.npy.gz": 0.6561039092354986, "24.npy.gz": 0.09073441443531598, "7.npy.gz": 0.012851754106620024, "11.npy.gz": 0.009051184812160159, "8.npy.gz": 0.009942610475327008, "30.npy.gz": 1.197859327024079, "5.npy.gz": 0.01744766725624073, "26.npy.gz": 0.1703795029041028, "17.npy.gz": 0.009169314378041941, "20.npy.gz": 0.017475517055662762, "3.npy.gz": 0.05491725156196529, "18.npy.gz": 0.009487498336438648, "15.npy.gz": 0.008680550398185292, "1.npy.gz": 0.03473194902253888, "22.npy.gz": 0.03713097716108502, "2.npy.gz": 0.0510939382646441, "21.npy.gz": 0.017068445820777406, "16.npy.gz": 0.008405069465569034, "23.npy.gz": 0.05384016056931822, "0.npy.gz": 0.13575523977266246, "14.npy.gz": 0.012000014407629569, "19.npy.gz": 0.013432190342907525, "6.npy.gz": 0.02483111324634492, "25.npy.gz": 0.10661924378065706, "28.npy.gz": 0.4115079400149483, "12.npy.gz": 0.008316414270742234, "27.npy.gz": 0.25764615314805217, "4.npy.gz": 0.025618798406664704, "9.npy.gz": 0.010136166581310125, "31.npy.gz": 2.847415247119068, "10.npy.gz": 0.009089710368027302}, "hi": {"14.npy.gz": 0.021994833375224985, "19.npy.gz": 0.012524754615258872, "4.npy.gz": 0.10517724782397773, "23.npy.gz": 0.022325087159535125, "9.npy.gz": 0.02234431191205214, "16.npy.gz": 0.013932109489249956, "6.npy.gz": 0.07051398913834439, "21.npy.gz": 0.012110735837838883, "10.npy.gz": 0.021560731597407755, "27.npy.gz": 0.06698710529935246, "31.npy.gz": 1.2124103906821249, "0.npy.gz": 0.104890764681559, "12.npy.gz": 0.021352520661665448, "25.npy.gz": 0.029848144778425394, "2.npy.gz": 0.10996266635452992, "28.npy.gz": 0.09221238369574006, "30.npy.gz": 0.4221796848634625, "1.npy.gz": 0.05262381207507804, "26.npy.gz": 0.04966457338406617, "11.npy.gz": 0.04498643583854196, "29.npy.gz": 0.23943210547951585, "3.npy.gz": 0.1444268115319513, "24.npy.gz": 0.035923338223378, "13.npy.gz": 0.015632298539973426, "8.npy.gz": 0.03212696454999578, "22.npy.gz": 0.03009343202259337, "5.npy.gz": 0.07376417386075215, "18.npy.gz": 0.013533710823250044, "15.npy.gz": 0.014993933766662916, "20.npy.gz": 0.009344259620725293, "7.npy.gz": 0.04639499225956536, "17.npy.gz": 0.01319367301310535}, "Enhi": {"10.npy.gz": 0.009406566082003517, "9.npy.gz": 0.010314742964032744, "4.npy.gz": 0.025705759340683268, "31.npy.gz": 4.138039014420285, "27.npy.gz": 0.23462046087322094, "12.npy.gz": 0.008779650669124478, "6.npy.gz": 0.029014277083264213, "28.npy.gz": 0.3559526898202674, "25.npy.gz": 0.11145264141656575, "19.npy.gz": 0.013724101751708578, "0.npy.gz": 0.151314013085458, "14.npy.gz": 0.01176438361028631, "23.npy.gz": 0.05177357448182768, "2.npy.gz": 0.04545906213195044, "16.npy.gz": 0.00888454155538783, "21.npy.gz": 0.01709923938151085, "22.npy.gz": 0.037125501467532844, "15.npy.gz": 0.008509121279070733, "1.npy.gz": 0.03993102893698992, "18.npy.gz": 0.00919739178565208, "20.npy.gz": 0.014251391071843275, "17.npy.gz": 0.0086615977990636, "3.npy.gz": 0.051358870746176434, "26.npy.gz": 0.15619812153463192, "30.npy.gz": 1.4356369029691751, "5.npy.gz": 0.021697024060073983, "8.npy.gz": 0.01095137799571611, "11.npy.gz": 0.009728933439013668, "24.npy.gz": 0.0837438306339576, "29.npy.gz": 0.6074067204943476, "7.npy.gz": 0.014804599375456173, "13.npy.gz": 0.008631628974416926}, "Ende": {"22.npy.gz": 0.03673805106145074, "18.npy.gz": 0.009205678933673902, "6.npy.gz": 0.026230523399080042, "15.npy.gz": 0.008554030055006783, "20.npy.gz": 0.014640778348630661, "4.npy.gz": 0.022877471132037475, "9.npy.gz": 0.009996848569717652, "17.npy.gz": 0.008774489411989148, "30.npy.gz": 1.2877449189603825, "26.npy.gz": 0.13630681185878413, "11.npy.gz": 0.009402332820183993, "2.npy.gz": 0.04304215365069103, "29.npy.gz": 0.5239844876102255, "24.npy.gz": 0.07739282652990927, "13.npy.gz": 0.008666640280545193, "0.npy.gz": 0.15305861792807784, "3.npy.gz": 0.04799348450483296, "10.npy.gz": 0.009499003730710531, "27.npy.gz": 0.19883653764626083, "31.npy.gz": 3.8405168859033196, "1.npy.gz": 0.036888336031562656, "12.npy.gz": 0.008639522744615906, "25.npy.gz": 0.09966129162603866, "28.npy.gz": 0.30482677235246736, "14.npy.gz": 0.011801717239698152, "19.npy.gz": 0.013376604364507376, "7.npy.gz": 0.012808378134538749, "23.npy.gz": 0.0514272683673902, "8.npy.gz": 0.010473578991436324, "16.npy.gz": 0.008963484147129896, "5.npy.gz": 0.01765496491860268, "21.npy.gz": 0.017375509395667288}, "fr": {"12.npy.gz": 0.00824680849403182, "25.npy.gz": 0.12479588935103036, "7.npy.gz": 0.0111363859289261, "28.npy.gz": 0.3994857640649231, "10.npy.gz": 0.008546596464757545, "5.npy.gz": 0.016644148045616876, "27.npy.gz": 0.2500433718747204, "31.npy.gz": 2.9104721285940482, "8.npy.gz": 0.010287987791978558, "16.npy.gz": 0.008616128343820828, "3.npy.gz": 0.04565550549195545, "21.npy.gz": 0.019895946525893177, "14.npy.gz": 0.010475469036573273, "19.npy.gz": 0.012291488820380532, "23.npy.gz": 0.053484212608478465, "1.npy.gz": 0.03358954022696603, "2.npy.gz": 0.04711658505541348, "20.npy.gz": 0.017022204885445244, "17.npy.gz": 0.008820355485990994, "22.npy.gz": 0.03723668750652362, "0.npy.gz": 0.13931585669332652, "18.npy.gz": 0.009093750465972801, "15.npy.gz": 0.00886458649806528, "29.npy.gz": 0.584115109494289, "24.npy.gz": 0.09087543562632336, "6.npy.gz": 0.024190905212744543, "13.npy.gz": 0.008370582519589498, "30.npy.gz": 1.167201256390817, "9.npy.gz": 0.009336565980816832, "4.npy.gz": 0.020204835527909908, "26.npy.gz": 0.18477660011565444, "11.npy.gz": 0.00865198640710739}, "cs": {"15.npy.gz": 0.011629304015315391, "18.npy.gz": 0.018931940869409483, "7.npy.gz": 0.023166473453829082, "22.npy.gz": 0.03506006424528037, "17.npy.gz": 0.01675340394051766, "5.npy.gz": 0.0225731999381953, "8.npy.gz": 0.014718898732184328, "20.npy.gz": 0.01124476218360209, "11.npy.gz": 0.014856757664718882,