{"Ende": {"7.npy.gz": 0.7613494547015431, "22.npy.gz": 9.781398711739019, "15.npy.gz": 12.25604816273105, "18.npy.gz": 14.23538650479057, "5.npy.gz": 0.5443429259581143, "20.npy.gz": 13.422261186832287, "8.npy.gz": 0.950407119085976, "17.npy.gz": 14.24900903001526, "3.npy.gz": 0.3404869531117517, "11.npy.gz": 2.9025153149906733, "1.npy.gz": 0.17180842748431405, "13.npy.gz": 6.7645873298923185, "10.npy.gz": 2.0502115747413936, "2.npy.gz": 0.20521226365100897, "12.npy.gz": 4.420716439503137, "0.npy.gz": 0.3750847888756995, "19.npy.gz": 14.409379239443783, "14.npy.gz": 8.94414996502459, "23.npy.gz": 6.587719722422418, "6.npy.gz": 0.6702096934882144, "16.npy.gz": 13.419159437531796, "9.npy.gz": 1.4710373124046126, "21.npy.gz": 12.003541260386637, "4.npy.gz": 0.4473341847549601}, "hi": {"14.npy.gz": 7.664354057103886, "1.npy.gz": 0.268036992378649, "19.npy.gz": 17.774089768388972, "23.npy.gz": 20.657666699476913, "16.npy.gz": 12.14590889576537, "3.npy.gz": 0.733564374578154, "21.npy.gz": 19.983361251335847, "5.npy.gz": 1.0547275973409642, "8.npy.gz": 1.9027602679952471, "10.npy.gz": 2.5261640642576917, "7.npy.gz": 1.5269245954672648, "12.npy.gz": 4.364668343358035, "11.npy.gz": 3.0736754035660048, "9.npy.gz": 1.993381631770628, "4.npy.gz": 1.051116090260982, "13.npy.gz": 6.315086772842961, "6.npy.gz": 1.1479113459875414, "22.npy.gz": 18.086096516167245, "18.npy.gz": 16.705422852276563, "0.npy.gz": 0.7641646877988075, "15.npy.gz": 11.328998353042916, "20.npy.gz": 19.32367485428736, "2.npy.gz": 0.35799098260236795, "17.npy.gz": 14.977901696260334}, "de": {"1.npy.gz": 0.1964729083092513, "16.npy.gz": 15.635516084261758, "21.npy.gz": 15.503053154944105, "14.npy.gz": 10.895010489348454, "3.npy.gz": 0.4477337986948173, "19.npy.gz": 16.6473902732756, "23.npy.gz": 10.578902269335336, "8.npy.gz": 1.2446706623826, "12.npy.gz": 5.645430984186661, "5.npy.gz": 0.8039253066894179, "7.npy.gz": 1.0198020985826457, "10.npy.gz": 2.6165109355393743, "13.npy.gz": 8.358304082379558, "4.npy.gz": 0.6079889711823643, "9.npy.gz": 1.9345287605992623, "6.npy.gz": 0.8939265751549489, "11.npy.gz": 3.711843546807864, "20.npy.gz": 16.210985772985666, "0.npy.gz": 0.46344108556884295, "17.npy.gz": 16.189611980255904, "22.npy.gz": 13.554269010347353, "18.npy.gz": 16.247942456818702, "15.npy.gz": 14.59622655269687, "2.npy.gz": 0.2514354157952774}, "Enhi": {"11.npy.gz": 2.978904409752173, "7.npy.gz": 0.76422770760069, "8.npy.gz": 0.9419736165483379, "13.npy.gz": 6.8632058905555375, "5.npy.gz": 0.5533702972596377, "22.npy.gz": 10.270594835487028, "18.npy.gz": 14.570447278714086, "3.npy.gz": 0.3425226065373897, "15.npy.gz": 12.390707746354753, "20.npy.gz": 13.74801849371309, "1.npy.gz": 0.17986478584699092, "17.npy.gz": 14.415080792063401, "14.npy.gz": 8.964582616241456, "2.npy.gz": 0.2091208384480127, "19.npy.gz": 14.845459032973093, "23.npy.gz": 6.84350908304857, "16.npy.gz": 13.630284751136287, "0.npy.gz": 0.395053906301838, "21.npy.gz": 12.38269878045999, "6.npy.gz": 0.6724388674855684, "10.npy.gz": 2.093249504429036, "4.npy.gz": 0.45288077837817664, "12.npy.gz": 4.450365600221452, "9.npy.gz": 1.4692548370006968}, "cs": {"19.npy.gz": 30.793488032363186, "14.npy.gz": 7.417139785720305, "6.npy.gz": 1.0989775741422256, "23.npy.gz": 37.24973414030603, "16.npy.gz": 22.429435247874295, "21.npy.gz": 28.722251534582536, "4.npy.gz": 0.4578087103653969, "9.npy.gz": 1.2116167810287672, "10.npy.gz": 1.3409746413454695, "2.npy.gz": 0.21659993105498745, "12.npy.gz": 2.750285246820804, "0.npy.gz": 0.8357095366520583, "3.npy.gz": 0.26418618255328313, "11.npy.gz": 2.5319038948664647, "1.npy.gz": 0.4161904017773533, "13.npy.gz": 5.113707693631307, "7.npy.gz": 1.476598567371802, "22.npy.gz": 27.412411521542683, "15.npy.gz": 13.958025334073119, "18.npy.gz": 21.48092921255197, "8.npy.gz": 1.3326802432155298, "20.npy.gz": 29.34161902554594, "5.npy.gz": 0.5010145685844851, "17.npy.gz": 21.988112911211935}, "fr": {"2.npy.gz": 0.29467537538768934, "10.npy.gz": 2.415831623989771, "0.npy.gz": 0.5429063678911189, "12.npy.gz": 5.208301783091525, "14.npy.gz": 10.6204943342367, "6.npy.gz": 0.8201121316950973, "19.npy.gz": 18.05146017237266, "23.npy.gz": 10.443191683037846, "9.npy.gz": 1.667027892665961, "16.npy.gz": 16.2683555423737, "4.npy.gz": 0.6326352555954015, "21.npy.gz": 16.658590290151945, "22.npy.gz": 14.653151106126238, "18.npy.gz": 17.580083541933824, "7.npy.gz": 0.9115884174072528, "15.npy.gz": 14.56704078846326, "20.npy.gz": 17.72340658270458, "5.npy.gz": 0.7657622289902183, "17.npy.gz": 17.26389187240919, "8.npy.gz": 1.0904637268131934, "11.npy.gz": 3.401253431889687, "3.npy.gz": 0.48234009677323153, "13.npy.gz": 7.926747794084756, "1.npy.gz": 0.20191329597474056}, "Encs": {"10.npy.gz": 2.115657927089904, "2.npy.gz": 0.20328490193718668, "12.npy.gz": 4.515775629440424, "0.npy.gz": 0.3810007319436606, "19.npy.gz": 14.628371946690017, "14.npy.gz": 8.979409675247336, "23.npy.gz": 6.579882040872646, "6.npy.gz": 0.667671641047774, "16.npy.gz": 13.577956927890842, "9.npy.gz": 1.4894499088053186, "21.npy.gz": 12.116998872775639, "4.npy.gz": 0.43107383553002887, "7.npy.gz": 0.768078839825205, "22.npy.gz": 9.980202246771356, "15.npy.gz": 12.305196514682446, "18.npy.gz": 14.361384019351117, "5.npy.gz": 0.5423891865309917, "20.npy.gz": 13.490787352988779, "8.npy.gz": 0.951671033601972, "17.npy.gz": 14.29627390877627, "3.npy.gz": 0.3303035179982404, "11.npy.gz": 2.9754210102586236, "1.npy.gz": 0.17798330587463895, "13.npy.gz": 6.891215846087448}, "Enfr": {"3.npy.gz": 0.32965755719418044, "11.npy.gz": 2.9889157764500274, "1.npy.gz": 0.17693720956872222, "13.npy.gz": 6.886053368394589, "22.npy.gz": 9.948780758851818, "15.npy.gz": 12.380626345715607, "7.npy.gz": 0.7691328573571868, "18.npy.gz": 14.447917004573913, "20.npy.gz": 13.52064989193726, "17.npy.gz": 14.37930705023194, "8.npy.gz": 0.9571180499237681, "5.npy.gz": 0.5401853868970383, "6.npy.gz": 0.6621234403891069, "19.npy.gz": 14.649481316601518, "14.npy.gz": 9.032745366277938, "23.npy.gz": 6.51784904213433, "4.npy.gz": 0.4349784938933402, "16.npy.gz": 13.651461178512342, "9.npy.gz": 1.4999977191260907, "21.npy.gz": 12.119578742863398, "10.npy.gz": 2.1328436085858176, "2.npy.gz": 0.2025938731671911, "12.npy.gz": 4.516881127947903, "0.npy.gz": 0.375729626220521}}