{"de": {"43.npy.gz": 0.8847194314660254, "18.npy.gz": 0.0059988467955055325, "15.npy.gz": 0.0007705111173428648, "22.npy.gz": 0.026550142115669795, "4.npy.gz": 0.015915232043043463, "39.npy.gz": 0.7707691921508423, "34.npy.gz": 0.628161509230389, "9.npy.gz": 0.009099457797825013, "41.npy.gz": 0.7730528757034487, "17.npy.gz": 0.003354972503707365, "6.npy.gz": 0.012953870037834138, "20.npy.gz": 0.013143248673903951, "36.npy.gz": 0.7732626775257614, "11.npy.gz": 0.004222029592379939, "47.npy.gz": 0.5183497501093198, "30.npy.gz": 0.4275612606467927, "0.npy.gz": 0.013213801499106429, "26.npy.gz": 0.1287533360346401, "13.npy.gz": 0.006830627471576865, "45.npy.gz": 0.8256017339062323, "29.npy.gz": 0.38906912453895587, "32.npy.gz": 0.5864016633237005, "24.npy.gz": 0.059505738098406785, "2.npy.gz": 0.010521654221643409, "1.npy.gz": 0.0075045926175900226, "27.npy.gz": 0.14568230077664548, "31.npy.gz": 0.4857246384130575, "46.npy.gz": 0.8355533955663713, "10.npy.gz": 0.005094656640936918, "25.npy.gz": 0.07821523335012738, "3.npy.gz": 0.008471908984181908, "28.npy.gz": 0.26168228532929005, "33.npy.gz": 0.6462453123217613, "44.npy.gz": 0.924132467608084, "12.npy.gz": 0.00616594559203772, "35.npy.gz": 0.7017016895842048, "8.npy.gz": 0.0060137000218639484, "23.npy.gz": 0.03040084104908932, "5.npy.gz": 0.010402828410776076, "38.npy.gz": 0.7565305180330051, "14.npy.gz": 0.007660551494353397, "42.npy.gz": 0.7847237983145747, "19.npy.gz": 0.009964658233202783, "37.npy.gz": 0.7467905148484734, "7.npy.gz": 0.0026141678390813336, "21.npy.gz": 0.017632636340735388, "16.npy.gz": 0.005746341947412449, "40.npy.gz": 0.7900598198838359}, "Enhi": {"35.npy.gz": 0.49504934456074584, "23.npy.gz": 0.01581219985817132, "38.npy.gz": 0.6630205568641763, "14.npy.gz": 0.005982425374062769, "42.npy.gz": 0.6550213105882158, "0.npy.gz": 0.011012328105301573, "19.npy.gz": 0.008400990519872604, "37.npy.gz": 0.6139251423470573, "21.npy.gz": 0.009860553276988919, "16.npy.gz": 0.00591924785183465, "2.npy.gz": 0.009988528257912547, "40.npy.gz": 0.6220458838580718, "27.npy.gz": 0.06936729947000862, "31.npy.gz": 0.2552938875779643, "4.npy.gz": 0.006105540545584235, "46.npy.gz": 0.48510617452392013, "10.npy.gz": 0.0032965707111339655, "9.npy.gz": 0.007113141028299383, "25.npy.gz": 0.04070576355251808, "28.npy.gz": 0.12862457544705064, "33.npy.gz": 0.3916892982590737, "44.npy.gz": 0.6447654928131843, "6.npy.gz": 0.005724855475748126, "12.npy.gz": 0.005677877318193882, "11.npy.gz": 0.0025967581572224805, "8.npy.gz": 0.0045018034428704135, "47.npy.gz": 0.3491449068160706, "5.npy.gz": 0.003453704548470573, "30.npy.gz": 0.22575758596808437, "26.npy.gz": 0.06307870610360958, "13.npy.gz": 0.006274013938192556, "7.npy.gz": 0.0016183165309203104, "45.npy.gz": 0.5423725485825427, "29.npy.gz": 0.2027528681947117, "32.npy.gz": 0.31702156666777254, "24.npy.gz": 0.029288451330369586, "1.npy.gz": 0.01126665813068144, "43.npy.gz": 0.6706925759737243, "18.npy.gz": 0.0053700893893902195, "15.npy.gz": 0.0004422426555968416, "22.npy.gz": 0.013801858702143188, "39.npy.gz": 0.6216911177717139, "34.npy.gz": 0.4404493859274434, "41.npy.gz": 0.6687373126575874, "3.npy.gz": 0.0030163217022758943, "17.npy.gz": 0.0030341410034171587, "20.npy.gz": 0.009230397991175103, "36.npy.gz": 0.5616935308290758}, "hi": {"2.npy.gz": 0.0025898488033635186, "44.npy.gz": 3.271342935749339, "12.npy.gz": 0.006467756025367007, "25.npy.gz": 0.053286894387338996, "33.npy.gz": 0.1357844270276731, "28.npy.gz": 0.07580182597797963, "46.npy.gz": 3.661826496498678, "0.npy.gz": 0.015272692678159627, "10.npy.gz": 0.008575612819196806, "27.npy.gz": 0.057620702883317394, "31.npy.gz": 0.10257504025113899, "16.npy.gz": 0.006460890042325216, "40.npy.gz": 2.165889455695624, "6.npy.gz": 0.01685049558116317, "37.npy.gz": 1.2571381506095676, "21.npy.gz": 0.011315140052871365, "9.npy.gz": 0.015144985393582316, "14.npy.gz": 0.010772727392569886, "19.npy.gz": 0.010930645002531075, "4.npy.gz": 0.01518755448844142, "42.npy.gz": 2.8420088965563304, "35.npy.gz": 0.2780077729519377, "38.npy.gz": 1.497105631116767, "23.npy.gz": 0.018097358101552392, "20.npy.gz": 0.011849313533522695, "36.npy.gz": 0.5876732205129648, "41.npy.gz": 2.6393580338812646, "7.npy.gz": 0.0045315488075819785, "17.npy.gz": 0.005435112175881658, "39.npy.gz": 1.6405181653038698, "22.npy.gz": 0.017524735115867034, "34.npy.gz": 0.20578312413873107, "5.npy.gz": 0.018675473873671185, "18.npy.gz": 0.006633912814978346, "43.npy.gz": 3.7589375874451605, "15.npy.gz": 0.0013484790694077281, "8.npy.gz": 0.015011785322571573, "32.npy.gz": 0.15682729185415378, "29.npy.gz": 0.0857217982767591, "24.npy.gz": 0.03362271895564992, "13.npy.gz": 0.014749504770375163, "3.npy.gz": 0.0014226316862590697, "45.npy.gz": 3.3240572071509926, "30.npy.gz": 0.09665244327929018, "26.npy.gz": 0.0565798198541819, "11.npy.gz": 0.0038394577169694583, "47.npy.gz": 1.8913558701628326, "1.npy.gz": 0.0036774205171831932}, "Ende": {"12.npy.gz": 0.0057249051424453105, "7.npy.gz": 0.0018431644268272003, "44.npy.gz": 0.5395619594709175, "33.npy.gz": 0.3347570798711209, "28.npy.gz": 0.12529709227149396, "25.npy.gz": 0.04121699857978633, "5.npy.gz": 0.003643272002713244, "10.npy.gz": 0.0032789448024419196, "46.npy.gz": 0.4194267212141767, "8.npy.gz": 0.00449778489062235, "31.npy.gz": 0.23149515908512802, "27.npy.gz": 0.0705867390198406, "40.npy.gz": 0.5344895312235034, "3.npy.gz": 0.0030967812023062575, "16.npy.gz": 0.006031271197218925, "21.npy.gz": 0.009951100665592676, "37.npy.gz": 0.5301258849838901, "19.npy.gz": 0.00875047693742581, "42.npy.gz": 0.569413605434967, "14.npy.gz": 0.0063608217101916225, "1.npy.gz": 0.010742684309818552, "38.npy.gz": 0.5820408549898254, "23.npy.gz": 0.01664809701967102, "35.npy.gz": 0.4365948125105986, "36.npy.gz": 0.49399125084788875, "20.npy.gz": 0.008738884708326268, "2.npy.gz": 0.010070335022045107, "17.npy.gz": 0.002909649503985077, "41.npy.gz": 0.5761288181490588, "34.npy.gz": 0.3907078016364253, "39.npy.gz": 0.5436159275903001, "22.npy.gz": 0.01384277757758182, "15.npy.gz": 0.00041400818212650496, "0.npy.gz": 0.011098731346447347, "18.npy.gz": 0.005464908004069866, "43.npy.gz": 0.5775513502628454, "24.npy.gz": 0.03020769300067831, "32.npy.gz": 0.2848028526157368, "29.npy.gz": 0.19682611391385452, "45.npy.gz": 0.45723560443869765, "13.npy.gz": 0.006451903510259454, "6.npy.gz": 0.005670256062404612, "26.npy.gz": 0.06647812182041715, "30.npy.gz": 0.20815503380956418, "47.npy.gz": 0.3223053697854842, "9.npy.gz": 0.007190494107173139, "4.npy.gz": 0.0066175067831100555, "11.npy.gz": 0.0027672306893335597}, "Enfr": {"22.npy.gz": 0.014084396389528658, "39.npy.gz": 0.561563827975476, "34.npy.gz": 0.42147381962240893, "43.npy.gz": 0.5874248198616473, "18.npy.gz": 0.005474097382164985, "0.npy.gz": 0.010788216802640542, "15.npy.gz": 0.00046251054270606934, "20.npy.gz": 0.009125079577156388, "36.npy.gz": 0.515895663703896, "41.npy.gz": 0.5958624693856035, "17.npy.gz": 0.0030886834187562853, "2.npy.gz": 0.009639860146949102, "30.npy.gz": 0.2136846225508483, "26.npy.gz": 0.06684386100253024, "11.npy.gz": 0.0030364133916696403, "4.npy.gz": 0.0058954254792876375, "9.npy.gz": 0.007263949824828884, "47.npy.gz": 0.3197737702541603, "29.npy.gz": 0.2066946943831706, "32.npy.gz": 0.3007158015903267, "24.npy.gz": 0.029746397232945147, "6.npy.gz": 0.005756038740389918, "13.npy.gz": 0.006426045451227819, "45.npy.gz": 0.47703369053508293, "8.npy.gz": 0.004631441187919681, "46.npy.gz": 0.4396099350812599, "10.npy.gz": 0.0033896320595581796, "5.npy.gz": 0.0034545736083627984, "27.npy.gz": 0.07262365884614137, "31.npy.gz": 0.2407462411197976, "44.npy.gz": 0.5622702653112531, "7.npy.gz": 0.0017692612198721897, "12.npy.gz": 0.005982542191098712, "25.npy.gz": 0.04002300134622247, "28.npy.gz": 0.12929703972978235, "33.npy.gz": 0.3654546060474584, "1.npy.gz": 0.010968785987121678, "14.npy.gz": 0.006310417815551301, "42.npy.gz": 0.582972363917994, "19.npy.gz": 0.00860713112693418, "35.npy.gz": 0.46937850747721155,