{"Enhi": {"5.npy.gz": 0.14018727696714717, "20.npy.gz": 0.03294950774666578, "36.npy.gz": 0.21800942984456906, "8.npy.gz": 0.04201953202756951, "41.npy.gz": 0.41965871632087287, "17.npy.gz": 0.027334807950700018, "22.npy.gz": 0.035363213083073455, "39.npy.gz": 0.250498065666263, "7.npy.gz": 0.0704587316649111, "34.npy.gz": 0.1564777630673147, "43.npy.gz": 0.6230652288801755, "18.npy.gz": 0.02712543116229016, "15.npy.gz": 0.022983658599296665, "29.npy.gz": 0.07824617124776061, "32.npy.gz": 0.14598097974275928, "24.npy.gz": 0.031381814230351336, "1.npy.gz": 0.11264876200567314, "13.npy.gz": 0.0345799738010915, "45.npy.gz": 1.9339818057807627, "30.npy.gz": 0.09765544003176631, "3.npy.gz": 0.47731306516343475, "26.npy.gz": 0.05335544244223177, "11.npy.gz": 0.045274794358785085, "47.npy.gz": 19.752514692175787, "44.npy.gz": 0.9828527133028665, "12.npy.gz": 0.032361875793120894, "25.npy.gz": 0.04339566805661536, "0.npy.gz": 1.6002914978476876, "28.npy.gz": 0.0681337178500929, "33.npy.gz": 0.1291291856566419, "46.npy.gz": 11.633369628549865, "10.npy.gz": 0.05472995853481023, "2.npy.gz": 0.1251911201044224, "27.npy.gz": 0.04703080548943335, "31.npy.gz": 0.094740769342819, "16.npy.gz": 0.02598256598454814, "40.npy.gz": 0.3886867460167706, "9.npy.gz": 0.04673476210001825, "37.npy.gz": 0.23225434117054278, "4.npy.gz": 0.19259870143300875, "21.npy.gz": 0.03141016311853062, "14.npy.gz": 0.0365486015930844, "42.npy.gz": 0.4711338175085844, "19.npy.gz": 0.022215808713754892, "35.npy.gz": 0.18494571657695244, "23.npy.gz": 0.03710990957903424, "6.npy.gz": 0.09147416745633169, "38.npy.gz": 0.24039938172856812}, "hi": {"14.npy.gz": 0.07627111591888605, "6.npy.gz": 0.3698138621011798, "19.npy.gz": 0.18877951713573599, "42.npy.gz": 0.4912624598367456, "35.npy.gz": 0.10305428586745598, "38.npy.gz": 0.19585010647217224, "23.npy.gz": 0.18756046184666603, "4.npy.gz": 0.264264477996337, "16.npy.gz": 0.12106307278776929, "9.npy.gz": 0.16812526694942068, "40.npy.gz": 0.2971456707834735, "37.npy.gz": 0.10816601024206929, "21.npy.gz": 0.18554014633661906, "46.npy.gz": 8.449133858985672, "2.npy.gz": 0.1631597880135975, "10.npy.gz": 0.1316737629805529, "27.npy.gz": 0.13272975117238034, "31.npy.gz": 0.12211391149231536, "44.npy.gz": 1.2569239319386636, "12.npy.gz": 0.06294492943307413, "0.npy.gz": 0.926894665273989, "25.npy.gz": 0.15560068398373783, "33.npy.gz": 0.08188440035470217, "28.npy.gz": 0.1323116128051353, "30.npy.gz": 0.11655555492083357, "26.npy.gz": 0.15690281766761346, "3.npy.gz": 0.6327332940196299, "11.npy.gz": 0.08993854176187496, "47.npy.gz": 13.050991019513894, "32.npy.gz": 0.09779837584896506, "29.npy.gz": 0.13700691530826398, "24.npy.gz": 0.17381236070293604, "13.npy.gz": 0.08601669224840403, "1.npy.gz": 0.141358575360151, "45.npy.gz": 2.562392080478549, "39.npy.gz": 0.18398809087002221, "22.npy.gz": 0.16470806718952136, "34.npy.gz": 0.09307080322553997, "18.npy.gz": 0.18856667166144045, "43.npy.gz": 0.7181389137773145, "15.npy.gz": 0.09206425011161343, "7.npy.gz": 0.33855990729494767, "20.npy.gz": 0.18030895385707857, "36.npy.gz": 0.11289323956634231, "41.npy.gz": 0.3413162561870747, "8.npy.gz": 0.24358482367276704, "5.npy.gz": 0.2958950319724113, "17.npy.gz": 0.1387985935830193}, "Ende": {"35.npy.gz": 0.16352950586633033, "23.npy.gz": 0.03628119303247414, "38.npy.gz": 0.20969555825525693, "14.npy.gz": 0.03479987175682551, "3.npy.gz": 0.46646053475284044, "42.npy.gz": 0.42926562566241305, "19.npy.gz": 0.022162686005596066, "37.npy.gz": 0.20445421466953537, "21.npy.gz": 0.03110981682953197, "16.npy.gz": 0.025785671607385107, "40.npy.gz": 0.35045627013735803, "1.npy.gz": 0.11115622880278107, "27.npy.gz": 0.045028357904442935, "31.npy.gz": 0.08641302979799051, "46.npy.gz": 10.742943064932382, "7.npy.gz": 0.06739597796019163, "10.npy.gz": 0.053634759994488725, "25.npy.gz": 0.04033805920913176, "28.npy.gz": 0.06437785831248939, "33.npy.gz": 0.11594961553544175, "5.npy.gz": 0.13672661615546042, "44.npy.gz": 0.9060304100602, "8.npy.gz": 0.039337401432932004, "12.npy.gz": 0.030931379303035442, "11.npy.gz": 0.044270308922969306, "47.npy.gz": 18.932101912916526, "6.npy.gz": 0.08663742223270307, "30.npy.gz": 0.09192430671845854, "26.npy.gz": 0.052516523894565036, "9.npy.gz": 0.0455400720175513, "13.npy.gz": 0.033387689847591995, "4.npy.gz": 0.18931683350644396, "45.npy.gz": 1.7945449619509921, "29.npy.gz": 0.07516111542415635, "32.npy.gz": 0.13519023179158896, "24.npy.gz": 0.0303074689725708, "2.npy.gz": 0.12147000063591658, "43.npy.gz": 0.5594260720493471, "18.npy.gz": 0.027260782760301847, "15.npy.gz": 0.02210058477827709, "22.npy.gz": 0.034526626356622014, "39.npy.gz": 0.21695933181066643, "34.npy.gz": 0.13802825788006612, "41.npy.gz": 0.3803501449359844, "0.npy.gz": 1.6076082614835934, "17.npy.gz": 0.02770501353972359, "20.npy.gz": 0.03321380641109886, "36.npy.gz": 0.1939239165571477}, "de": {"29.npy.gz": 0.11037896670263128, "32.npy.gz": 0.15066927152648388, "3.npy.gz": 0.4592093085466653, "24.npy.gz": 0.04093131437388304, "13.npy.gz": 0.03327215536950074, "45.npy.gz": 1.4858206830879976, "1.npy.gz": 0.1057721457149036, "30.npy.gz": 0.10339980696747024, "26.npy.gz": 0.07548688133341572, "11.npy.gz": 0.046232059530542984, "47.npy.gz": 17.956539719606734, "20.npy.gz": 0.03491158022881098, "7.npy.gz": 0.06219788537586981, "36.npy.gz": 0.22698375606605764, "41.npy.gz": 0.31292127463259056, "17.npy.gz": 0.03211035457027833, "22.npy.gz": 0.045746544693952236, "8.npy.gz": 0.03794395922254649, "39.npy.gz": 0.2659929701164968, "34.npy.gz": 0.1789103606303947, "5.npy.gz": 0.13131969505138028, "43.npy.gz": 0.49841068621311646, "18.npy.gz": 0.02819374444489334, "15.npy.gz": 0.024115605482860566, "16.npy.gz": 0.029169879914635537, "40.npy.gz": 0.32408950836414885, "6.npy.gz": 0.08985087954865204, "37.npy.gz": 0.26297126687920647, "21.npy.gz": 0.0374217754833834, "14.npy.gz": 0.03272212183091562, "42.npy.gz": 0.38550759935620177, "19.npy.gz": 0.023767482990085173, "35.npy.gz": 0.19455452129239706, "4.npy.gz": 0.1802429735327389, "23.npy.gz": 0.04152915673480931, "9.npy.gz": 0.043787311304612345, "38.npy.gz": 0.28046186924288946, "44.npy.gz": 0.8208654113511922, "12.npy.gz": 0.02790085738763831, "25.npy.gz": 0.04735765559051675, "28.npy.gz": 0.07914959412073654, "33.npy.gz": 0.13657402387567016, "2.npy.gz": 0.11941761910505151, "46.npy.gz": 9.508413999967917, "10.npy.gz": 0.05117818390789573, "27.npy.gz": 0.06831602214556637, "0.npy.gz": 1.1848789996767937, "31.npy.gz": 0.11162849437003307}, "Encs": {"38.npy.gz": 0.21740924884216992, "23.npy.gz": 0.03636131794470635, "35.npy.gz": 0.16873228823432987, "19.npy.gz": 0.02148763334239401, "3.npy.gz": 0.4716782933833538, "42.npy.gz": 0.44416272661203976, "14.npy.gz": 0.03527034061576641, "21.npy.gz": 0.030477659378008698, "37.npy.gz": 0.21146277397310018, "40.npy.gz": 0.3613862402113559, "1.npy.gz": 0.11203024104860396, "16.npy.gz": 0.025224595433833538, "31.npy.gz": 0.08830715787469705, "27.npy.gz": 0.04552641909402909, "10.npy.gz": 0.053682406740729056, "7.npy.gz": 0.065704636481815, "46.npy.gz": 11.285862597030519, "33.npy.gz": 0.11951064949495369, "28.npy.gz": 0.06543553954778228, "25.npy.gz": 0.041883073556447326, "12.npy.gz": 0.0312099758837273, "8.npy.gz": 0.03855786219539524, "44.npy.gz": 0.9374668492030062, "5.npy.gz": 0.1359381257314249, "47.npy.gz": 19.436569621666568, "6.npy.gz": 0.08374466799014807, "11.npy.gz": 0.04420565567834733, "26.npy.gz": 0.05185587077433518, "30.npy.gz": 0.09379770796848544, "4.npy.gz": 0.18975953887030642, "45.npy.gz": 1.8697077873151207, "13.npy.gz": 0.03350378408647622, "9.npy.gz": 0.04453797418121908, "24.npy.gz": 0.03022679943498722, "32.npy.gz": 0.13862342134121544, "29.npy.gz": 0.07619576951088941, "15.npy.gz": 0.02181184651592743, "18.npy.gz": 0.02644120536751768, "43.npy.gz": 0.5848100486890375, "2.npy.gz": 0.12323383252651804, "34.npy.gz": 0.14206332311240497, "39.npy.gz": 0.22743918863189302, "22.npy.gz": 0.03413599977486637, "17.npy.gz": 0.026344751948391486,