{"Enhi": {"16.npy.gz": 50.037366264525, "0.npy.gz": 49.96352956034147, "21.npy.gz": 50.07258530326247, "14.npy.gz": 50.051358465762064, "19.npy.gz": 50.075263868211294, "2.npy.gz": 49.853672758837334, "23.npy.gz": 50.04825790736348, "12.npy.gz": 50.08765557221858, "25.npy.gz": 50.00761856120612, "9.npy.gz": 50.085313954054975, "28.npy.gz": 49.99928317811318, "4.npy.gz": 49.907642562184826, "10.npy.gz": 50.07168866842777, "27.npy.gz": 50.04046115314594, "6.npy.gz": 49.897877585159414, "31.npy.gz": 50.03285231155862, "29.npy.gz": 50.04061747701505, "5.npy.gz": 50.00316130601611, "24.npy.gz": 50.01460534718996, "8.npy.gz": 50.10284733640974, "13.npy.gz": 49.9818793906758, "30.npy.gz": 50.06419322239317, "7.npy.gz": 50.033473557193865, "26.npy.gz": 50.01533431860029, "11.npy.gz": 50.049553856537386, "20.npy.gz": 50.06586661676399, "1.npy.gz": 49.90454686359564, "17.npy.gz": 50.04344507611888, "22.npy.gz": 50.03190383875696, "3.npy.gz": 49.88568837321055, "18.npy.gz": 50.02232758433001, "15.npy.gz": 50.02898066340157}, "cs": {"18.npy.gz": 50.05505761122504, "15.npy.gz": 50.05347371954246, "22.npy.gz": 49.876563443750705, "5.npy.gz": 49.92842675148425, "8.npy.gz": 49.950950569118255, "17.npy.gz": 49.98675091068285, "7.npy.gz": 49.86224623348363, "20.npy.gz": 50.017639541954615, "11.npy.gz": 49.824348058478016, "30.npy.gz": 49.94955871972975, "1.npy.gz": 49.91997963400616, "26.npy.gz": 49.985840996003766, "13.npy.gz": 49.869522807454956, "29.npy.gz": 49.853211100790816, "24.npy.gz": 49.949455382685784, "3.npy.gz": 50.02231805803321, "27.npy.gz": 50.00148238361286, "0.npy.gz": 49.95585770697551, "31.npy.gz": 50.11688242709855, "10.npy.gz": 50.03083101858354, "2.npy.gz": 49.8840814423203, "25.npy.gz": 49.94526245926509, "28.npy.gz": 49.738443882388474, "12.npy.gz": 49.970258135570006, "9.npy.gz": 50.03778203514205, "4.npy.gz": 50.01542008172735, "23.npy.gz": 49.93500191383863, "14.npy.gz": 49.884283543972636, "19.npy.gz": 50.07442370485214, "21.npy.gz": 50.07974601985944, "6.npy.gz": 50.038845583656396, "16.npy.gz": 49.91177028317789}, "Ende": {"10.npy.gz": 50.07480051429752, "6.npy.gz": 49.9115488079214, "31.npy.gz": 50.031517614888934, "27.npy.gz": 50.044091043380114, "12.npy.gz": 50.08505218490335, "4.npy.gz": 49.90432684919239, "28.npy.gz": 49.9907485731622, "9.npy.gz": 50.09983227700525, "25.npy.gz": 50.002610735596484, "19.npy.gz": 50.08013376769968, "14.npy.gz": 50.05497283443913, "23.npy.gz": 50.06162428989317, "2.npy.gz": 49.85241270720282, "16.npy.gz": 50.046096499014325, "21.npy.gz": 50.08272049082161, "0.npy.gz": 49.953675796485506, "3.npy.gz": 49.88945070719222, "22.npy.gz": 50.045882870792354, "15.npy.gz": 50.03186372572919, "18.npy.gz": 50.03070450281923, "1.npy.gz": 49.903467368206286, "20.npy.gz": 50.0791211036862, "17.npy.gz": 50.032272765813126, "26.npy.gz": 50.01359851275012, "7.npy.gz": 50.03102908523401, "30.npy.gz": 50.05985978702094, "11.npy.gz": 50.0561361974309, "8.npy.gz": 50.102190467610654, "24.npy.gz": 50.02410521239613, "5.npy.gz": 49.99586571429329, "29.npy.gz": 50.03322664066474, "13.npy.gz": 49.98076352382567}, "fr": {"17.npy.gz": 50.03321148338714, "2.npy.gz": 49.89041047777123, "20.npy.gz": 50.057445709508826, "15.npy.gz": 50.02029384361394, "18.npy.gz": 50.03560760290543, "0.npy.gz": 49.92868359072118, "22.npy.gz": 50.04242172705363, "6.npy.gz": 49.870209100635215, "13.npy.gz": 49.97489498720439, "24.npy.gz": 50.00905880250581, "29.npy.gz": 49.99759587157417, "4.npy.gz": 49.946434242151156, "9.npy.gz": 50.04551025303255, "11.npy.gz": 49.998074949861326, "26.npy.gz": 50.019740500911446, "30.npy.gz": 50.046405794511585, "28.npy.gz": 49.972345242277896, "25.npy.gz": 50.01752421777146, "12.npy.gz": 50.016047666454796, "7.npy.gz": 50.022605505561856, "31.npy.gz": 50.0192876335944, "27.npy.gz": 49.99361398836373, "8.npy.gz": 50.04215961735245, "10.npy.gz": 50.01317974947438, "5.npy.gz": 49.960090157582684, "21.npy.gz": 50.04930501903965, "3.npy.gz": 49.915856961260886, "16.npy.gz": 50.02302997766126, "23.npy.gz": 50.04078863799878, "19.npy.gz": 50.05603686986498, "1.npy.gz": 49.91216922338177, "14.npy.gz": 50.02085155481145}, "de": {"25.npy.gz": 50.01563859070212, "0.npy.gz": 49.93187567730712, "28.npy.gz": 49.94499386116155, "12.npy.gz": 50.04762594199161, "27.npy.gz": 49.962764818172744, "31.npy.gz": 49.99745638498612, "2.npy.gz": 49.85816839815677, "10.npy.gz": 50.00073894801134, "4.npy.gz": 49.92426432712508, "21.npy.gz": 50.06289505868807, "9.npy.gz": 50.04954386484515, "16.npy.gz": 50.01140913449655, "6.npy.gz": 49.91453175055373, "23.npy.gz": 50.01583446762472, "14.npy.gz": 50.00364739539764, "19.npy.gz": 50.05476755889007, "17.npy.gz": 50.04454575417554, "20.npy.gz": 50.06438130965055, "8.npy.gz": 50.031136075753835, "5.npy.gz": 49.93952973051494, "18.npy.gz": 50.025175290350866, "15.npy.gz": 50.02218700687288, "22.npy.gz": 50.0341141476387, "7.npy.gz": 49.948495509275546, "13.npy.gz": 50.00969080187222, "1.npy.gz": 49.93735094787349, "29.npy.gz": 49.93204648941024, "24.npy.gz": 49.995293383897675, "11.npy.gz": 49.98836528212812, "3.npy.gz": 49.886471220982735, "30.npy.gz": 49.97439953604462, "26.npy.gz": 50.011289380359045}, "Enfr": {"21.npy.gz": 50.07624771405749, "1.npy.gz": 49.90514494826978, "16.npy.gz": 50.03228070157654, "23.npy.gz": 50.05734497153469, "19.npy.gz": 50.07894199636277, "14.npy.gz": 50.05231041756212, "3.npy.gz": 49.88832271121906, "28.npy.gz": 50.00129803900598, "25.npy.gz": 50.01080088832436, "12.npy.gz": 50.085002151624394, "5.npy.gz": 49.99210801788002, "8.npy.gz": 50.10604400540719, "31.npy.gz": 50.03657001167807, "27.npy.gz": 50.04652586789786, "7.npy.gz": 50.03710221559024, "10.npy.gz": 50.075350411925825, "9.npy.gz": 50.08889072485159, "13.npy.gz": 49.97687922468534, "4.npy.gz": 49.91079169513535, "24.npy.gz": 50.02340113273267, "29.npy.gz": 50.03107215519269, "6.npy.gz": 49.907459084923524, "11.npy.gz": 50.04877823088324, "26.npy.gz": 50.01969867248069, "30.npy.gz": 50.06521953031231, "0.npy.gz": 49.964532410711385, "17.npy.gz": 50.03922786335841, "20.npy.gz": 50.060538195007624, "15.npy.gz": 50.02953890106482, "2.npy.gz": 49.85499344122036, "18.npy.gz": 50.020396398145294, "22.npy.gz": 50.044842139449585}, "Encs": {"2.npy.gz": 49.85766150095656, "14.npy.gz": 50.05076935137653, "19.npy.gz": 50.078761106246475, "23.npy.gz": 50.05684672731442, "16.npy.gz": 50.039358668734025, "0.npy.gz": 49.96057567809834, "21.npy.gz": 50.08006120107235, "10.npy.gz": 50.06615650859243, "6.npy.gz": 49.908932572219136, "27.npy.gz": 50.04192238440373, "31.npy.gz": 50.03692301726785, "9.npy.gz": 50.09288950581613, "4.npy.gz": 49.91160246770318, "12.npy.gz": 50.08577383719, "25.npy.gz": 50.00997198668495, "28.npy.gz": 49.99925836236554, "30.npy.gz": 50.07250784466195, "26.npy.gz": 50.022792186099394, "11.npy.gz": 50.048658723616825, "7.npy.gz": 50.03393296127494, "29.npy.gz": 50.039689366171025, "24.npy.gz": 50.01743618447263, "5.npy.gz": 49.99284542579305, "13.npy.gz": 49.98101731868962, "8.npy.gz": 50.11334654653316, "22.npy.gz": 50.042616200595106, "18.npy.gz": 50.02028277613625, "3.npy.gz": 49.88454768890475, "15.npy.gz": 50.02972062161781, "20.npy.gz": 50.06889286777705, "17.npy.gz": 50.048976452526894, "1.npy.gz": 49.90386268871801}, "hi": {"13.npy.gz": 49.88784691340557, "8.npy.gz": 49.992820241533195, "5.npy.gz": 49.946785198434604, "29.npy.gz": 49.66805443746836, "24.npy.gz": 49.95566978049067, "11.npy.gz": 49.93007476890749, "7.npy.gz": 50.04421693078913, "30.npy.gz": 49.85598806549335, "26.npy.gz": 50.025846306562514, "1.npy.gz": 50.01142568237984, "17.npy.gz": 49.98703633741879, "20.npy.gz": 49.99228675465085, "18.npy.gz": 50.142802834893, "3.npy.gz": 49.90947544658551, "15.npy.gz": 49.97512111044807, "22.npy.gz": 49.99072954969697, "21.npy.gz": 49.91201929330249, "16.npy.gz": 50.00300386758079, "0.npy.gz": 49.993784912150566, "23.npy.gz": 50.027001851508444, "14.npy.gz": 49.96934887850484, "19.npy.gz": 50.14728494862267, "2.npy.gz": 50.027238041325084, "25.npy.gz": 49.966238588186904,