{"de": {"0.npy.gz": 88.3104054908516, "13.npy.gz": 88.35247679034849, "2.npy.gz": 91.6772118384967, "11.npy.gz": 88.12945930988346, "4.npy.gz": 89.5935460095025, "20.npy.gz": 89.01888999908503, "9.npy.gz": 88.38750858887813, "17.npy.gz": 88.87820998644791, "22.npy.gz": 90.83186366847362, "6.npy.gz": 87.85963745650976, "18.npy.gz": 88.72895177142549, "15.npy.gz": 88.60756238652135, "16.npy.gz": 88.73876511241517, "8.npy.gz": 88.38921856656266, "21.npy.gz": 89.40483019865894, "5.npy.gz": 88.61540581836525, "14.npy.gz": 88.46908250803857, "19.npy.gz": 88.92510626369467, "7.npy.gz": 88.60607659972219, "23.npy.gz": 93.2807977192574, "12.npy.gz": 88.02206398502557, "1.npy.gz": 91.53130163352813, "10.npy.gz": 88.02976166958581, "3.npy.gz": 90.83827794144382}, "Enhi": {"10.npy.gz": 88.2524487445622, "1.npy.gz": 91.28063729142994, "12.npy.gz": 88.41216516561194, "3.npy.gz": 90.88825709026752, "14.npy.gz": 89.00221041950913, "19.npy.gz": 89.37043858289513, "8.npy.gz": 88.64017770314263, "23.npy.gz": 94.22568826888664, "5.npy.gz": 88.91538992453947, "16.npy.gz": 89.15919360275424, "7.npy.gz": 88.94497684916396, "21.npy.gz": 90.96832407010463, "22.npy.gz": 92.10015019078965, "4.npy.gz": 89.75600128143454, "9.npy.gz": 88.71669378224321, "18.npy.gz": 88.82754765464303, "15.npy.gz": 89.12038275988446, "6.npy.gz": 88.16656659779129, "20.npy.gz": 90.1705944564219, "17.npy.gz": 89.03243154926058, "0.npy.gz": 88.89251723158819, "11.npy.gz": 88.38007179428828, "2.npy.gz": 91.65581174238811, "13.npy.gz": 88.78379762548417}, "Ende": {"18.npy.gz": 88.9092196806904, "15.npy.gz": 89.11912845315945, "9.npy.gz": 88.7129085929551, "22.npy.gz": 92.16862992106685, "4.npy.gz": 89.73513412540275, "17.npy.gz": 89.02585986187363, "20.npy.gz": 90.27390450122944, "6.npy.gz": 88.18726931464091, "11.npy.gz": 88.41887087382887, "0.npy.gz": 88.94377197555431, "13.npy.gz": 88.78352679659679, "2.npy.gz": 91.6326636226577, "1.npy.gz": 91.2441235678629, "10.npy.gz": 88.29756771849033, "3.npy.gz": 90.8584554878275, "12.npy.gz": 88.41883112904337, "5.npy.gz": 88.93704061652112, "23.npy.gz": 94.2094451661067, "8.npy.gz": 88.65081812984886, "14.npy.gz": 88.96185626695777, "19.npy.gz": 89.49421614009242, "7.npy.gz": 88.94503966860799, "21.npy.gz": 91.0413527104619, "16.npy.gz": 89.1869193949254}, "hi": {"20.npy.gz": 88.82081156084337, "4.npy.gz": 90.06231106187866, "17.npy.gz": 89.89462487454476, "9.npy.gz": 90.8565645471615, "22.npy.gz": 90.82936770173467, "18.npy.gz": 89.96474200986329, "6.npy.gz": 89.46834104831807, "15.npy.gz": 90.94166257087892, "13.npy.gz": 91.27465382262781, "0.npy.gz": 87.61791124327245, "11.npy.gz": 90.85074356673869, "2.npy.gz": 92.1170079820074, "1.npy.gz": 92.22579742350965, "12.npy.gz": 90.64054218251255, "3.npy.gz": 91.24367038755344, "10.npy.gz": 90.79763553120958, "16.npy.gz": 90.85784367980219, "8.npy.gz": 90.2204425472116, "5.npy.gz": 89.61676094393755, "21.npy.gz": 89.62948120741991, "14.npy.gz": 90.60821885084755, "19.npy.gz": 89.8399373196169, "7.npy.gz": 89.91803719011897, "23.npy.gz": 92.59591132906976}, "Encs": {"13.npy.gz": 88.74218427407892, "3.npy.gz": 90.88153894202239, "1.npy.gz": 91.26232164060684, "11.npy.gz": 88.35157872686933, "17.npy.gz": 89.0362338697462, "7.npy.gz": 88.93374765399348, "20.npy.gz": 90.33623224219606, "8.npy.gz": 88.6267696527651, "18.npy.gz": 88.94100597641595, "5.npy.gz": 88.92118439351906, "15.npy.gz": 89.1276976481317, "22.npy.gz": 92.25006544242908, "21.npy.gz": 91.11205450840464, "6.npy.gz": 88.1743682641471, "16.npy.gz": 89.13292193815673, "23.npy.gz": 94.28322205904934, "14.npy.gz": 88.95240855372913, "4.npy.gz": 89.7635976139726, "19.npy.gz": 89.48352930614749, "9.npy.gz": 88.70416176888632, "2.npy.gz": 91.64213332073658, "12.npy.gz": 88.36136631731183, "10.npy.gz": 88.22907437398327, "0.npy.gz": 88.93146924591647}, "Enfr": {"11.npy.gz": 88.3389283909499, "2.npy.gz": 91.62109129489266, "13.npy.gz": 88.74378469779435, "0.npy.gz": 88.95310398111334, "18.npy.gz": 88.9203180026083, "6.npy.gz": 88.17133048887239, "15.npy.gz": 89.12726533545573, "22.npy.gz": 92.22585234040473, "4.npy.gz": 89.7491444188536, "9.npy.gz": 88.68402936523786, "17.npy.gz": 89.04981897464074, "20.npy.gz": 90.31866200261743, "23.npy.gz": 94.28436757448827, "14.npy.gz": 88.9446516801424, "19.npy.gz": 89.50573359430754, "7.npy.gz": 88.93089397142218, "21.npy.gz": 91.10702785403217, "8.npy.gz": 88.6357053292112, "16.npy.gz": 89.13243412836151, "5.npy.gz": 88.93395018406652, "3.npy.gz": 90.85731611531186, "10.npy.gz": 88.21048192711544, "1.npy.gz": 91.23924251163753, "12.npy.gz": 88.36314960872875}, "cs": {"16.npy.gz": 92.78091526113656, "3.npy.gz": 92.6429438466869, "21.npy.gz": 87.95514938183598, "19.npy.gz": 90.369226641658, "14.npy.gz": 91.65683090050497, "23.npy.gz": 92.36041716780561, "1.npy.gz": 93.21436797893374, "12.npy.gz": 92.17092492104683, "7.npy.gz": 91.16289994911062, "10.npy.gz": 91.86362067103747, "8.npy.gz": 91.00062512510185, "5.npy.gz": 91.0746981241455, "6.npy.gz": 90.9048476888789, "13.npy.gz": 92.79605413807614, "4.npy.gz": 91.80156448992396, "9.npy.gz": 91.93169600633966, "11.npy.gz": 91.82397994083487, "2.npy.gz": 93.42809093352601, "20.npy.gz": 88.78036975128292, "17.npy.gz": 92.93708039673231, "22.npy.gz": 90.0965691077181, "0.npy.gz": 82.9119404143607, "15.npy.gz": 92.45351195607769, "18.npy.gz": 91.66651760526698}, "fr": {"0.npy.gz": 88.21236902669465, "20.npy.gz": 88.46364886468056, "17.npy.gz": 88.34802062616959, "2.npy.gz": 91.5058469539125, "22.npy.gz": 90.55926761948008, "15.npy.gz": 88.65652774891335, "18.npy.gz": 88.42062610552047, "9.npy.gz": 88.60705345069168, "4.npy.gz": 89.47096083708286, "13.npy.gz": 88.4273874436872, "6.npy.gz": 87.93616983695146, "11.npy.gz": 88.1033281146321, "12.npy.gz": 88.18025840405247, "5.npy.gz": 88.58277954407357, "8.npy.gz": 88.53501405548711, "10.npy.gz": 88.03881745655269, "7.npy.gz": 88.77336824479228, "16.npy.gz": 88.5493387146979, "21.npy.gz": 89.14643808351444, "1.npy.gz": 91.4295763072401, "19.npy.gz": 88.45007267428315, "14.npy.gz": 88.48114687148191, "23.npy.gz": 93.34168259517028, "3.npy.gz": 90.73440640947919}}