{"Enhi": {"5.npy.gz": 88.1170054515398, "20.npy.gz": 88.90667264142435, "36.npy.gz": 90.29800448450253, "8.npy.gz": 88.1828919125255, "41.npy.gz": 90.51419958550362, "17.npy.gz": 87.98774302610872, "22.npy.gz": 89.58603268746683, "39.npy.gz": 90.41691835079581, "7.npy.gz": 89.53670683698722, "34.npy.gz": 90.2289830414683, "43.npy.gz": 90.7792564251864, "18.npy.gz": 88.1297822954422, "15.npy.gz": 87.62352906528889, "29.npy.gz": 90.21973846903305, "32.npy.gz": 90.48952106837531, "24.npy.gz": 90.01678918354166, "1.npy.gz": 82.39975395756959, "13.npy.gz": 86.54201088156684, "45.npy.gz": 90.57950894412282, "30.npy.gz": 90.22236114617374, "3.npy.gz": 85.97600305494099, "26.npy.gz": 90.28813340163849, "11.npy.gz": 85.79106705798284, "47.npy.gz": 92.57219765246583, "44.npy.gz": 90.65353032106364, "12.npy.gz": 86.07430889946441, "25.npy.gz": 90.41209863482122, "0.npy.gz": 88.9329872943847, "28.npy.gz": 90.20556361995928, "33.npy.gz": 90.13530900028925, "46.npy.gz": 91.89724099872582, "10.npy.gz": 86.57903695943368, "2.npy.gz": 85.40211302244894, "27.npy.gz": 90.46447280074833, "31.npy.gz": 90.32934418038472, "16.npy.gz": 87.36996931969927, "40.npy.gz": 90.52615147675999, "9.npy.gz": 88.02983221540438, "37.npy.gz": 90.24301331121235, "4.npy.gz": 85.99072868241366, "21.npy.gz": 88.98430931157625, "14.npy.gz": 87.25719501261736, "42.npy.gz": 90.64156304041082, "19.npy.gz": 88.72501499089208, "35.npy.gz": 90.2848020022933, "23.npy.gz": 89.99760387097426, "6.npy.gz": 88.99026379304624, "38.npy.gz": 90.22255310864512}, "hi": {"14.npy.gz": 90.26282523063112, "6.npy.gz": 89.7939187548776, "19.npy.gz": 91.4291456503503, "42.npy.gz": 89.56493856373302, "35.npy.gz": 91.01983144451056, "38.npy.gz": 89.74714561860199, "23.npy.gz": 91.97115150115656, "4.npy.gz": 87.93488244008908, "16.npy.gz": 90.06758859974373, "9.npy.gz": 88.97984008686073, "40.npy.gz": 89.20218430539542, "37.npy.gz": 90.2110680772655, "21.npy.gz": 91.50767876438232, "46.npy.gz": 89.69966871906463, "2.npy.gz": 87.13229845758163, "10.npy.gz": 88.1416982080773, "27.npy.gz": 91.83564651963869, "31.npy.gz": 91.38885434536532, "44.npy.gz": 89.46358532516416, "12.npy.gz": 88.93446486473245, "0.npy.gz": 89.1403746662583, "25.npy.gz": 91.95503600906002, "33.npy.gz": 91.46189261316898, "28.npy.gz": 91.41808214857592, "30.npy.gz": 91.33643737102938, "26.npy.gz": 91.66928718352762, "3.npy.gz": 88.43359449152616, "11.npy.gz": 88.78750296061189, "47.npy.gz": 91.37862059764153, "32.npy.gz": 91.37418963548552, "29.npy.gz": 91.55314702058081, "24.npy.gz": 91.6322592802824, "13.npy.gz": 89.87154933543874, "1.npy.gz": 84.7285030327871, "45.npy.gz": 90.0338539652645, "39.npy.gz": 89.33069490998861, "22.npy.gz": 91.94689638616398, "34.npy.gz": 91.36370081649173, "18.npy.gz": 91.06123709854323, "43.npy.gz": 88.49803174237337, "15.npy.gz": 90.3103285642032, "7.npy.gz": 90.2610483142199, "20.npy.gz": 91.25656916659489, "36.npy.gz": 91.18273375816008, "41.npy.gz": 89.31477956129774, "8.npy.gz": 89.41878547241478, "5.npy.gz": 89.11945744892148, "17.npy.gz": 90.52634440616826}, "Ende": {"35.npy.gz": 90.36800193689588, "23.npy.gz": 89.97814740612282, "38.npy.gz": 90.32623761949932, "14.npy.gz": 87.3120369732491, "3.npy.gz": 85.95696128261721, "42.npy.gz": 90.73999739671656, "19.npy.gz": 88.76106643870824, "37.npy.gz": 90.38612224701119, "21.npy.gz": 89.03342503338561, "16.npy.gz": 87.4131261790953, "40.npy.gz": 90.69076809778807, "1.npy.gz": 82.39147727724372, "27.npy.gz": 90.4304335427442, "31.npy.gz": 90.40211041498856, "46.npy.gz": 91.88032000514032, "7.npy.gz": 89.4901004847539, "10.npy.gz": 86.58929129748178, "25.npy.gz": 90.40139418083348, "28.npy.gz": 90.21424757821774, "33.npy.gz": 90.29079437902747, "5.npy.gz": 88.06433620908936, "44.npy.gz": 90.79467297328091, "8.npy.gz": 88.10355147810857, "12.npy.gz": 86.09386633629917, "11.npy.gz": 85.84965450189185, "47.npy.gz": 92.51148831304583, "6.npy.gz": 88.93335635770838, "30.npy.gz": 90.26860685253095, "26.npy.gz": 90.23204289191008, "9.npy.gz": 88.01240012466614, "13.npy.gz": 86.57064395495061, "4.npy.gz": 85.96162053069887, "45.npy.gz": 90.65305029636362, "29.npy.gz": 90.23150509528149, "32.npy.gz": 90.56055093228018, "24.npy.gz": 90.01787438925513, "2.npy.gz": 85.37938923194527, "43.npy.gz": 90.91147544567153, "18.npy.gz": 88.17328080618323, "15.npy.gz": 87.69638643722443, "22.npy.gz": 89.63852448808717, "39.npy.gz": 90.55129784940966, "34.npy.gz": 90.3229768910569, "41.npy.gz": 90.64226289917013, "0.npy.gz": 88.961058887199, "17.npy.gz": 88.04185929087353, "20.npy.gz": 88.96792148682593, "36.npy.gz": 90.41536033284933}, "de": {"29.npy.gz": 89.40998890983855, "32.npy.gz": 89.30507360961919, "3.npy.gz": 86.35564802844215, "24.npy.gz": 89.55973820965745, "13.npy.gz": 86.30720051736758, "45.npy.gz": 89.21872205736791, "1.npy.gz": 82.6450758249779, "30.npy.gz": 89.27973214879843, "26.npy.gz": 89.72416945956833, "11.npy.gz": 85.54502020335849, "47.npy.gz": 91.55637341545781, "20.npy.gz": 88.5942733905638, "7.npy.gz": 89.2151828120247, "36.npy.gz": 89.62167569940873, "41.npy.gz": 90.1221087452232, "17.npy.gz": 87.81067379581923, "22.npy.gz": 89.03881699473483, "8.npy.gz": 87.75493242227603, "39.npy.gz": 89.97709855293927, "34.npy.gz": 89.57959511664536, "5.npy.gz": 88.20313688258109, "43.npy.gz": 89.88087285430292, "18.npy.gz": 87.9783360866264, "15.npy.gz": 87.48375938946704, "16.npy.gz": 87.2021468593447, "40.npy.gz": 89.85982768920634, "6.npy.gz": 88.97896127749036, "37.npy.gz": 89.81044767401445, "21.npy.gz": 88.66722547598648, "14.npy.gz": 87.06246015622028, "42.npy.gz": 90.25402581847219, "19.npy.gz": 88.5260135321804, "35.npy.gz": 89.6889069718668, "4.npy.gz": 86.36739043220513, "23.npy.gz": 89.61278000931, "9.npy.gz": 87.51028678757984, "38.npy.gz": 89.932058464824, "44.npy.gz": 89.5379926221054, "12.npy.gz": 85.72649042471909, "25.npy.gz": 89.96211582501354, "28.npy.gz": 89.54544987006398, "33.npy.gz": 89.32234466273076, "2.npy.gz": 85.82948919457489, "46.npy.gz": 90.07382647629187, "10.npy.gz": 86.08158975641302, "27.npy.gz": 89.89902303274958, "0.npy.gz": 88.36120120418077, "31.npy.gz": 89.39866843053682}, "Encs": {"38.npy.gz": 90.36002138380408, "23.npy.gz": 89.9421730141554, "35.npy.gz": 90.36443108823059, "19.npy.gz": 88.68333107248681, "3.npy.gz": 85.95576860179568, "42.npy.gz": 90.78894203859538, "14.npy.gz": 87.23050549956322, "21.npy.gz": 88.95335039299825, "37.npy.gz": 90.36010081603159, "40.npy.gz": 90.67534625318507, "1.npy.gz": 82.40222930274975, "16.npy.gz": 87.34405711092863, "31.npy.gz": 90.40275146427638, "27.npy.gz": 90.41066348150999, "10.npy.gz": 86.58673039573719, "7.npy.gz": 89.48701500302944, "46.npy.gz": 91.98901791096225, "33.npy.gz": 90.22463887839879, "28.npy.gz": 90.20122947147028, "25.npy.gz": 90.37664744060933, "12.npy.gz": 86.05474480467842, "8.npy.gz": 88.12837133068498, "44.npy.gz": 90.81047141438387, "5.npy.gz": 88.08762381376884, "47.npy.gz": 92.59007185017823, "6.npy.gz": 88.95412039928539, "11.npy.gz": 85.80291749060042, "26.npy.gz": 90.25435909475014, "30.npy.gz": 90.25866707729345, "4.npy.gz": 85.96041984503647, "45.npy.gz": 90.70674751484118, "13.npy.gz": 86.52449281387985, "9.npy.gz": 88.0048493537005, "24.npy.gz": 89.97088411700412, "32.npy.gz": 90.55820154932398, "29.npy.gz": 90.2150754003125, "15.npy.gz": 87.60547424541329, "18.npy.gz": 88.0944095954909, "43.npy.gz": 90.94453234584053, "2.npy.gz": 85.39854828364139, "34.npy.gz": 90.29217653511047, "39.npy.gz": 90.55060766626688, "22.npy.gz": 89.5495451872759, "17.npy.gz": 87.95988341813022, "0.npy.gz": 88.94882964555978, "41.npy.gz": 90.63089054809663, "36.npy.gz": 90.39734237274244, "20.npy.gz": 88.87668654071807}, "fr": {"20.npy.gz": 88.76102433403167, "3.npy.gz": 85.93598049181566, "36.npy.gz": 89.29516349645954, "41.npy.gz": 89.39981188677979, "17.npy.gz": 87.95014610868442, "39.npy.gz": 89.46786794260892, "22.npy.gz": 89.25837093928001, "34.npy.gz": 88.94884996165044, "1.npy.gz": 82.3673084927504, "18.npy.gz": 88.1462817059544, "43.npy.gz": 89.55031054466163,