{"de": {"43.npy.gz": 49.93335357332979, "18.npy.gz": 50.00304491140347, "15.npy.gz": 49.9697811109738, "22.npy.gz": 50.04975459499411, "4.npy.gz": 49.87351363763831, "39.npy.gz": 49.88236430389463, "34.npy.gz": 49.887124762942506, "9.npy.gz": 50.03147584330678, "41.npy.gz": 49.86666444363379, "17.npy.gz": 49.9881044223402, "6.npy.gz": 49.936106990165975, "20.npy.gz": 49.96120151609852, "36.npy.gz": 49.91156946022187, "11.npy.gz": 49.99292429429351, "47.npy.gz": 49.81177434562626, "30.npy.gz": 49.89591972959999, "0.npy.gz": 50.13139721032643, "26.npy.gz": 49.94211326357466, "13.npy.gz": 50.008475622290774, "45.npy.gz": 49.87688903332826, "29.npy.gz": 49.99752879446462, "32.npy.gz": 49.876194644996005, "24.npy.gz": 49.95429847914845, "2.npy.gz": 49.9196329054812, "1.npy.gz": 49.99814891666508, "27.npy.gz": 49.941912745018826, "31.npy.gz": 49.894102066024374, "46.npy.gz": 49.87694473292711, "10.npy.gz": 50.01657805726929, "25.npy.gz": 49.9832845503869, "3.npy.gz": 50.01195870387182, "28.npy.gz": 49.926723464414046, "33.npy.gz": 49.91633548922963, "44.npy.gz": 49.937642442440776, "12.npy.gz": 50.01254540631298, "35.npy.gz": 49.889926452764364, "8.npy.gz": 50.05594282042568, "23.npy.gz": 50.04969703874197, "5.npy.gz": 49.90468127649816, "38.npy.gz": 49.90026244165653, "14.npy.gz": 49.99449130967432, "42.npy.gz": 49.92119620755542, "19.npy.gz": 50.001342360332146, "37.npy.gz": 49.93422805703164, "7.npy.gz": 50.0289322282929, "21.npy.gz": 49.97910151051371, "16.npy.gz": 50.020347063457734, "40.npy.gz": 49.91329057782615}, "Enhi": {"35.npy.gz": 49.82670081665533, "23.npy.gz": 50.02146577812936, "38.npy.gz": 49.79886058852681, "14.npy.gz": 49.996144551207614, "42.npy.gz": 49.865451316891715, "0.npy.gz": 50.0260582980144, "19.npy.gz": 50.00145794282065, "37.npy.gz": 49.83781844063102, "21.npy.gz": 49.99300997414322, "16.npy.gz": 50.0476261321412, "2.npy.gz": 49.90520455780141, "40.npy.gz": 49.77227257128757, "27.npy.gz": 49.962477411605896, "31.npy.gz": 49.83062916258875, "4.npy.gz": 49.937578988102146, "46.npy.gz": 49.77607942198593, "10.npy.gz": 50.016346778892405, "9.npy.gz": 50.003278751409994, "25.npy.gz": 49.93508104606944, "28.npy.gz": 49.918991837075346, "33.npy.gz": 49.83926828376933, "44.npy.gz": 49.84092709871193, "6.npy.gz": 49.93135357225798, "12.npy.gz": 50.00934055367095, "11.npy.gz": 49.98713608451247, "8.npy.gz": 50.02644870270304, "47.npy.gz": 49.69285194610096, "5.npy.gz": 49.93314684192738, "30.npy.gz": 49.860312878417155, "26.npy.gz": 49.94237723991855, "13.npy.gz": 50.00893232968118, "7.npy.gz": 50.01895811647784, "45.npy.gz": 49.73291783474886, "29.npy.gz": 49.91030087792781, "32.npy.gz": 49.86821330856861, "24.npy.gz": 49.97906232115901, "1.npy.gz": 49.98603614765112, "43.npy.gz": 49.78234695617826, "18.npy.gz": 50.01698989366996, "15.npy.gz": 50.00236024743299, "22.npy.gz": 50.07821215258195, "39.npy.gz": 49.83103414670559, "34.npy.gz": 49.838683486704596, "41.npy.gz": 49.785841159138414, "3.npy.gz": 50.00063501509522, "17.npy.gz": 49.99552087566767, "20.npy.gz": 49.95986121421107, "36.npy.gz": 49.80360700237625}, "hi": {"2.npy.gz": 49.876130799943056, "44.npy.gz": 50.74113618067664, "12.npy.gz": 50.00317483055853, "25.npy.gz": 49.86789299348951, "33.npy.gz": 49.962289274741266, "28.npy.gz": 49.87882913127847, "46.npy.gz": 50.568758810429436, "0.npy.gz": 49.93561767701713, "10.npy.gz": 49.95381390527448, "27.npy.gz": 49.9294355458863, "31.npy.gz": 49.98094415066581, "16.npy.gz": 50.022779958536056, "40.npy.gz": 50.35703661095956, "6.npy.gz": 49.92911284468333, "37.npy.gz": 50.36062889328703, "21.npy.gz": 50.06392642170889, "9.npy.gz": 49.98234481120634, "14.npy.gz": 50.04968362648701, "19.npy.gz": 50.00673278297077, "4.npy.gz": 49.963982426159376, "42.npy.gz": 50.49152748678216, "35.npy.gz": 50.12766608867906, "38.npy.gz": 50.181921086675295, "23.npy.gz": 49.9708703803469, "20.npy.gz": 49.91009544485418, "36.npy.gz": 50.14835192238737, "41.npy.gz": 50.29736572553997, "7.npy.gz": 49.9781332172085, "17.npy.gz": 49.93754564505526, "39.npy.gz": 50.21653113399235, "22.npy.gz": 50.13709033700222, "34.npy.gz": 50.02043453872898, "5.npy.gz": 49.92191042847249, "18.npy.gz": 50.007269702844646, "43.npy.gz": 50.58782839172971, "15.npy.gz": 49.99309144786335, "8.npy.gz": 49.99015555351468, "32.npy.gz": 49.98047177103253, "29.npy.gz": 50.00894912229668, "24.npy.gz": 49.87074237645185, "13.npy.gz": 50.0168889450862, "3.npy.gz": 50.0643370074948, "45.npy.gz": 50.81020247729062, "30.npy.gz": 49.945898800023905, "26.npy.gz": 49.8882314084559, "11.npy.gz": 49.94026045474998, "47.npy.gz": 50.46503577781372, "1.npy.gz": 49.89064823448661}, "Ende": {"12.npy.gz": 50.00615381761912, "7.npy.gz": 50.01351488309734, "44.npy.gz": 49.84555010757589, "33.npy.gz": 49.84624729735459, "28.npy.gz": 49.91511010630405, "25.npy.gz": 49.92546031085722, "5.npy.gz": 49.92266658364423, "10.npy.gz": 50.009033658533994, "46.npy.gz": 49.77550157919281, "8.npy.gz": 50.03208066601662, "31.npy.gz": 49.83213624247499, "27.npy.gz": 49.95892873230032, "40.npy.gz": 49.78089858985501, "3.npy.gz": 49.98517022691623, "16.npy.gz": 50.05754548128285, "21.npy.gz": 49.98943616722486, "37.npy.gz": 49.85175691824233, "19.npy.gz": 50.006798014350515, "42.npy.gz": 49.863630672905714, "14.npy.gz": 49.99511801551637, "1.npy.gz": 49.98431405799559, "38.npy.gz": 49.80421553067237, "23.npy.gz": 50.02134294980498, "35.npy.gz": 49.82567440276836, "36.npy.gz": 49.797132678692556, "20.npy.gz": 49.97559504568, "2.npy.gz": 49.89963944855435, "17.npy.gz": 49.98678817089198, "41.npy.gz": 49.785028735479905, "34.npy.gz": 49.84476349202985, "39.npy.gz": 49.82113687309225, "22.npy.gz": 50.087016239719354, "15.npy.gz": 50.002157810645244, "0.npy.gz": 50.03800595111921, "18.npy.gz": 50.02193580952179, "43.npy.gz": 49.78619127045532, "24.npy.gz": 49.970615355265394, "32.npy.gz": 49.875453090554515, "29.npy.gz": 49.92446503518738, "45.npy.gz": 49.733620511488894, "13.npy.gz": 50.00788105975496, "6.npy.gz": 49.93261437224436, "26.npy.gz": 49.93829622053587, "30.npy.gz": 49.87359833389859, "47.npy.gz": 49.671371897257075, "9.npy.gz": 49.99952803067237, "4.npy.gz": 49.938940417267254, "11.npy.gz": 49.992355752925214}, "Enfr": {"22.npy.gz": 50.08563255982986, "39.npy.gz": 49.832441300442795, "34.npy.gz": 49.840370505157814, "43.npy.gz": 49.787436807121196, "18.npy.gz": 50.01188271949103, "0.npy.gz": 50.02665137805333, "15.npy.gz": 50.00763775971551, "20.npy.gz": 49.96613694214893, "36.npy.gz": 49.804845894021476, "41.npy.gz": 49.7867176982637, "17.npy.gz": 49.995712273838684, "2.npy.gz": 49.89587652210319, "30.npy.gz": 49.870344989781685, "26.npy.gz": 49.93800457999481, "11.npy.gz": 49.99920961383284, "4.npy.gz": 49.942526729307914, "9.npy.gz": 50.0015570132311, "47.npy.gz": 49.67662276575729, "29.npy.gz": 49.92216200996691, "32.npy.gz": 49.86932651622361, "24.npy.gz": 49.987295215537515, "6.npy.gz": 49.934664050081906, "13.npy.gz": 50.00861505082801, "45.npy.gz": 49.71845779470918, "8.npy.gz": 50.02734989568803, "46.npy.gz": 49.778490712788305, "10.npy.gz": 50.0121155587026, "5.npy.gz": 49.92523327004331, "27.npy.gz": 49.9598835461811, "31.npy.gz": 49.83652628225663, "44.npy.gz": 49.834620802178286, "7.npy.gz": 50.01339063057547, "12.npy.gz": 50.01171957364892, "25.npy.gz": 49.927805588952054, "28.npy.gz": 49.915141986935154, "33.npy.gz": 49.842786013985304, "1.npy.gz": 49.98306292728371, "14.npy.gz": 49.9915575986554, "42.npy.gz": 49.88091303889448, "19.npy.gz": 50.003727011325296, "35.npy.gz": 49.834365787803705, "23.npy.gz": 50.025279685827364, "38.npy.gz": 49.798312140635645, "16.npy.gz": 50.05451447037094, "3.npy.gz": 50.00267685896292, "40.npy.gz": 49.77924783621095, "37.npy.gz": 49.846782295147115, "21.npy.gz": 49.995382814274016}, "Encs": {"46.npy.gz": 49.770875308132204, "2.npy.gz": 49.89302262126091, "10.npy.gz": 50.013882808090706, "27.npy.gz": 49.955624942938485, "31.npy.gz": 49.824997834256, "44.npy.gz": 49.837766970095615, "12.npy.gz": 50.00931302340975, "0.npy.gz": 50.03481887377163,