{"Ende": {"19.npy.gz": 49.88538928692556, "14.npy.gz": 50.005812674877056, "23.npy.gz": 50.13317483996099, "4.npy.gz": 49.98562232385111, "9.npy.gz": 50.005223127225705, "16.npy.gz": 49.96888976916228, "6.npy.gz": 50.109387585848744, "21.npy.gz": 49.948957759241985, "10.npy.gz": 50.001973991012385, "0.npy.gz": 50.06806956927251, "12.npy.gz": 50.01280113299135, "2.npy.gz": 50.0707357819654, "1.npy.gz": 50.16003900288282, "11.npy.gz": 50.025062399313214, "3.npy.gz": 49.946407468840086, "13.npy.gz": 49.989086744319145, "8.npy.gz": 50.076959152959134, "5.npy.gz": 49.83055473121926, "22.npy.gz": 49.974424230540954, "15.npy.gz": 50.08894882991351, "18.npy.gz": 49.828478066177716, "20.npy.gz": 49.9214742400797, "7.npy.gz": 50.080301027005255, "17.npy.gz": 49.96171252331694}, "de": {"14.npy.gz": 49.9375978827617, "19.npy.gz": 49.660165607532605, "5.npy.gz": 49.826978479457395, "23.npy.gz": 50.05762680496406, "8.npy.gz": 50.053467901583716, "16.npy.gz": 50.023174746425724, "7.npy.gz": 50.041871245104375, "21.npy.gz": 49.95405154426024, "10.npy.gz": 49.95969577027643, "1.npy.gz": 50.11787520438039, "12.npy.gz": 49.95503557050648, "3.npy.gz": 50.036516657002174, "0.npy.gz": 50.034173560544126, "11.npy.gz": 49.98571490954979, "2.npy.gz": 50.10369037320811, "13.npy.gz": 49.92907955744515, "22.npy.gz": 49.94721534682878, "9.npy.gz": 49.97855936775162, "4.npy.gz": 50.06724426903114, "18.npy.gz": 49.68396790277197, "15.npy.gz": 49.99576311718126, "20.npy.gz": 49.95890112266626, "6.npy.gz": 50.04544715935017, "17.npy.gz": 49.92217652049508}, "hi": {"5.npy.gz": 49.722979555409474, "8.npy.gz": 50.00555046069098, "10.npy.gz": 50.00079370763964, "7.npy.gz": 50.02083688533523, "12.npy.gz": 50.0356344519869, "1.npy.gz": 50.05094010138366, "23.npy.gz": 49.574141521422746, "14.npy.gz": 49.9075179548203, "19.npy.gz": 49.251286520438434, "21.npy.gz": 49.314527717039766, "3.npy.gz": 50.02797476130547, "16.npy.gz": 49.92809667919315, "18.npy.gz": 49.91854746997863, "15.npy.gz": 49.66491256362844, "22.npy.gz": 49.773796069098374, "0.npy.gz": 50.16327856952022, "17.npy.gz": 49.704191479413915, "2.npy.gz": 49.7076052461823, "20.npy.gz": 49.33272806488694, "11.npy.gz": 50.03550811789893, "9.npy.gz": 49.96930630940998, "4.npy.gz": 50.156404347298775, "13.npy.gz": 49.75368972435879, "6.npy.gz": 49.99826153309382}, "Enhi": {"1.npy.gz": 50.17241955784287, "20.npy.gz": 49.90433951172783, "17.npy.gz": 49.95505972252173, "3.npy.gz": 49.96546943426116, "22.npy.gz": 49.96996637789463, "15.npy.gz": 50.08230573203504, "18.npy.gz": 49.82026804894333, "8.npy.gz": 50.075832465911354, "5.npy.gz": 49.825685116490284, "13.npy.gz": 49.9889876718947, "7.npy.gz": 50.080604798744275, "11.npy.gz": 50.01964658947647, "12.npy.gz": 50.01427488015062, "4.npy.gz": 50.011099804674544, "9.npy.gz": 50.00234890787772, "10.npy.gz": 50.001642615577936, "6.npy.gz": 50.113175241357574, "16.npy.gz": 49.96625996325725, "21.npy.gz": 49.94669113073121, "0.npy.gz": 50.09483108080087, "19.npy.gz": 49.8437150093723, "14.npy.gz": 50.00237482686119, "23.npy.gz": 50.12097361551157, "2.npy.gz": 50.106689015742155}, "cs": {"4.npy.gz": 50.00231548137432, "9.npy.gz": 50.11685682145934, "13.npy.gz": 49.852303015085965, "6.npy.gz": 50.16881066341724, "11.npy.gz": 49.88989575139529, "20.npy.gz": 49.708670010909465, "0.npy.gz": 50.27306219448815, "17.npy.gz": 49.7720439679552, "2.npy.gz": 50.307567622298386, "22.npy.gz": 50.2858869617841, "15.npy.gz": 49.6818499328108, "18.npy.gz": 49.66702426770798, "16.npy.gz": 50.18875379841368, "21.npy.gz": 50.235827937127766, "1.npy.gz": 49.85480870978012, "19.npy.gz": 49.55552999868899, "14.npy.gz": 49.70039573149605, "3.npy.gz": 49.659598632336966, "23.npy.gz": 49.658482958057085, "12.npy.gz": 49.98322830631719, "8.npy.gz": 50.0453402711447, "5.npy.gz": 50.112920868917854, "10.npy.gz": 49.87424338994082, "7.npy.gz": 50.04530003371165}, "Encs": {"1.npy.gz": 50.162038502000264, "13.npy.gz": 49.98450585243684, "3.npy.gz": 49.94948434543176, "11.npy.gz": 50.01984508835198, "20.npy.gz": 49.91175565842767, "17.npy.gz": 49.95413356234023, "8.npy.gz": 50.077308631229045, "5.npy.gz": 49.83138969697221, "22.npy.gz": 49.980595841564025, "15.npy.gz": 50.090374422122444, "18.npy.gz": 49.844342013254874, "7.npy.gz": 50.0880498136682, "4.npy.gz": 50.01316953910893, "16.npy.gz": 49.9768317266193, "9.npy.gz": 50.005323580309415, "21.npy.gz": 49.95753780066233, "19.npy.gz": 49.855115617011386, "6.npy.gz": 50.113211998066134, "14.npy.gz": 49.997630001701474, "23.npy.gz": 50.140896560954154, "12.npy.gz": 50.01624632212576, "0.npy.gz": 50.088484259320744, "10.npy.gz": 50.007654673027126, "2.npy.gz": 50.09715696171276}, "fr": {"5.npy.gz": 49.873334030739294, "8.npy.gz": 50.059880417399796, "11.npy.gz": 50.003774379697006, "7.npy.gz": 50.05521777704879, "13.npy.gz": 49.893676655880945, "15.npy.gz": 49.973483235230525, "18.npy.gz": 49.713709222720084, "1.npy.gz": 50.14792015369647, "22.npy.gz": 49.97881862381456, "17.npy.gz": 49.90450469886974, "3.npy.gz": 49.97222219633484, "20.npy.gz": 49.936141339802276, "23.npy.gz": 50.09025310710664, "19.npy.gz": 49.849910160443756, "0.npy.gz": 50.153532213631756, "14.npy.gz": 49.96354636522575, "21.npy.gz": 49.91957309435763, "2.npy.gz": 49.98836232926757, "16.npy.gz": 49.93244559301563, "9.npy.gz": 49.99178431703298, "10.npy.gz": 49.99681391096564, "4.npy.gz": 49.978509916833175, "12.npy.gz": 50.03373351854199, "6.npy.gz": 50.06715833010259}, "Enfr": {"21.npy.gz": 49.93436468538132, "4.npy.gz": 49.993889158651506, "16.npy.gz": 49.96828634902034, "9.npy.gz": 50.011207960959545, "23.npy.gz": 50.13453354607974, "14.npy.gz": 49.99731046951536, "6.npy.gz": 50.1084935689493, "19.npy.gz": 49.860125407516136, "12.npy.gz": 50.01794287475265, "0.npy.gz": 50.085621472248356, "2.npy.gz": 50.07385279645279, "10.npy.gz": 50.00845507286632, "13.npy.gz": 49.99325558256561, "1.npy.gz": 50.16394098010672, "3.npy.gz": 49.94030446118663, "11.npy.gz": 50.01997665398839, "8.npy.gz": 50.06235972625458, "5.npy.gz": 49.837212128369615, "17.npy.gz": 49.9508281599734, "20.npy.gz": 49.917644612474454, "18.npy.gz": 49.82591863463847, "15.npy.gz": 50.09238489696533, "7.npy.gz": 50.08099953470172, "22.npy.gz": 49.968558786737276}}