{"de": {"12.npy.gz": 81.41603493419427, "2.npy.gz": 75.89868332089623, "10.npy.gz": 79.34206965450207, "0.npy.gz": 81.9475400012239, "6.npy.gz": 82.56786364857028, "16.npy.gz": 83.66458410817664, "21.npy.gz": 86.31179480594557, "4.npy.gz": 82.53847839687346, "19.npy.gz": 84.34416377375328, "14.npy.gz": 82.72537561581477, "9.npy.gz": 79.98119005980503, "23.npy.gz": 88.06874674714342, "20.npy.gz": 85.33237305987157, "17.npy.gz": 82.62842675072008, "7.npy.gz": 81.79292905475256, "22.npy.gz": 85.99936275945616, "8.npy.gz": 80.33399781716986, "15.npy.gz": 83.84737626668314, "18.npy.gz": 83.2010724697826, "5.npy.gz": 84.97347640802644, "3.npy.gz": 80.83473535412467, "13.npy.gz": 81.59116839785972, "1.npy.gz": 75.80729698907278, "11.npy.gz": 80.08640753034811}, "Enfr": {"22.npy.gz": 88.3115935426939, "2.npy.gz": 73.42554362728897, "18.npy.gz": 84.4765107685126, "15.npy.gz": 84.01983466958754, "20.npy.gz": 87.18564172134006, "0.npy.gz": 82.27580086551562, "17.npy.gz": 83.46296484843846, "11.npy.gz": 80.38640570005596, "6.npy.gz": 82.55506457280752, "13.npy.gz": 81.93158848168814, "9.npy.gz": 80.54730630692048, "4.npy.gz": 81.75337699221664, "7.npy.gz": 82.17702318584358, "10.npy.gz": 79.82512222949849, "5.npy.gz": 84.77223715842645, "8.npy.gz": 80.76408278077051, "12.npy.gz": 81.83220890473449, "14.npy.gz": 83.04748307464844, "19.npy.gz": 85.82240377626553, "3.npy.gz": 79.31810613463847, "23.npy.gz": 89.6363005581045, "16.npy.gz": 83.91456600291546, "1.npy.gz": 74.86806649178277, "21.npy.gz": 87.79018101522205}, "Encs": {"10.npy.gz": 79.87604860266715, "2.npy.gz": 73.57189770789067, "12.npy.gz": 81.85844356797377, "0.npy.gz": 82.21980022373303, "19.npy.gz": 85.83960869544919, "14.npy.gz": 83.05563313256324, "23.npy.gz": 89.65292542085463, "6.npy.gz": 82.5867122722208, "16.npy.gz": 83.93827593938822, "21.npy.gz": 87.79139874770716, "9.npy.gz": 80.58794129951903, "4.npy.gz": 81.76521688045716, "7.npy.gz": 82.19330957585655, "22.npy.gz": 88.32260339028419, "15.npy.gz": 84.03693968182498, "18.npy.gz": 84.46137119996223, "5.npy.gz": 84.8173134957235, "20.npy.gz": 87.24429144896833, "8.npy.gz": 80.79346165128773, "17.npy.gz": 83.4493332945142, "3.npy.gz": 79.39411625713788, "11.npy.gz": 80.40438963238896, "1.npy.gz": 74.92253250431592, "13.npy.gz": 81.98012563519845}, "hi": {"20.npy.gz": 88.53382342537192, "17.npy.gz": 86.05995206115712, "6.npy.gz": 82.87940694494735, "22.npy.gz": 85.0501348588925, "4.npy.gz": 85.67032262869819, "15.npy.gz": 87.09741033795137, "9.npy.gz": 84.10564817186885, "18.npy.gz": 85.3380426927924, "2.npy.gz": 83.13543533298589, "13.npy.gz": 85.97186012553433, "11.npy.gz": 84.62227425966027, "0.npy.gz": 80.42958780592623, "3.npy.gz": 86.99911829792171, "12.npy.gz": 86.12019144997258, "10.npy.gz": 83.72236771392865, "1.npy.gz": 79.01459315260455, "16.npy.gz": 86.15478845192186, "7.npy.gz": 83.44412375116008, "21.npy.gz": 86.66381183669111, "8.npy.gz": 82.71896883261151, "19.npy.gz": 87.54390933474886, "5.npy.gz": 85.24534299595028, "14.npy.gz": 84.92072412392253, "23.npy.gz": 85.30383773847483}, "Ende": {"23.npy.gz": 89.56002356865778, "2.npy.gz": 73.53530363691284, "19.npy.gz": 85.85131012061218, "14.npy.gz": 83.10841566024038, "21.npy.gz": 87.78819440764372, "0.npy.gz": 82.2547175404337, "16.npy.gz": 83.94661579775733, "10.npy.gz": 79.90534696535315, "6.npy.gz": 82.58375716730964, "9.npy.gz": 80.64409157331059, "12.npy.gz": 81.95023025479057, "4.npy.gz": 81.74875151692598, "7.npy.gz": 82.18727726359802, "11.npy.gz": 80.47149653028023, "5.npy.gz": 84.78106088106242, "8.npy.gz": 80.81335964658936, "13.npy.gz": 81.98885804619934, "15.npy.gz": 84.04514560502162, "3.npy.gz": 79.33286638730499, "18.npy.gz": 84.48941033311431, "22.npy.gz": 88.26298561503731, "17.npy.gz": 83.45616431686663, "1.npy.gz": 74.92783092170808, "20.npy.gz": 87.1992669405524}, "fr": {"10.npy.gz": 79.50667852606279, "1.npy.gz": 74.6051797886161, "12.npy.gz": 81.78460622735372, "3.npy.gz": 79.73930671052092, "23.npy.gz": 87.62105172507792, "5.npy.gz": 84.51322427900028, "19.npy.gz": 83.4889024791151, "14.npy.gz": 82.56653698449429, "8.npy.gz": 80.35725727010767, "21.npy.gz": 85.60355695096288, "7.npy.gz": 81.65601156754182, "16.npy.gz": 83.01263386233673, "9.npy.gz": 80.20537853184085, "15.npy.gz": 83.7454066731033, "18.npy.gz": 82.22948356700316, "4.npy.gz": 81.88604049746324, "22.npy.gz": 85.8720009699224, "17.npy.gz": 81.9513043568923, "6.npy.gz": 82.3508301654949, "20.npy.gz": 85.06209873917079, "0.npy.gz": 82.08987520316414, "11.npy.gz": 80.09462189335933, "2.npy.gz": 74.67606517305298, "13.npy.gz": 81.73480975262436}, "cs": {"7.npy.gz": 86.46943795036661, "13.npy.gz": 87.29425777445734, "8.npy.gz": 85.91078142997107, "5.npy.gz": 88.52739426626822, "11.npy.gz": 86.67510244450453, "20.npy.gz": 87.4046839225264, "3.npy.gz": 84.50967285942708, "17.npy.gz": 86.63281564583568, "1.npy.gz": 75.7757091225723, "22.npy.gz": 82.8453812986946, "18.npy.gz": 85.48630394596069, "15.npy.gz": 88.30865626433916, "16.npy.gz": 86.97522522720249, "21.npy.gz": 85.0432020173732, "2.npy.gz": 79.23899070910355, "14.npy.gz": 87.48976414572564, "19.npy.gz": 85.70072373973433, "0.npy.gz": 76.21577678291335, "23.npy.gz": 82.36038580089757, "12.npy.gz": 87.76540519387711, "6.npy.gz": 85.81686817573136, "10.npy.gz": 86.61211805896964, "4.npy.gz": 85.4918887187699, "9.npy.gz": 86.57934924219013}, "Enhi": {"17.npy.gz": 83.41776658192886, "3.npy.gz": 79.49248475834176, "20.npy.gz": 87.12167274769217, "15.npy.gz": 84.03679371417996, "1.npy.gz": 74.93618422280373, "18.npy.gz": 84.40444072535831, "22.npy.gz": 88.14819732821934, "7.npy.gz": 82.21997745826008, "13.npy.gz": 82.03133261675984, "5.npy.gz": 84.84349858586026, "11.npy.gz": 80.44598989263321, "8.npy.gz": 80.81890898704465, "12.npy.gz": 81.91647183150795, "6.npy.gz": 82.61740052164545, "10.npy.gz": 79.88997099924939, "9.npy.gz": 80.60297226591011, "4.npy.gz": 81.8061387686824, "21.npy.gz": 87.64022332055355, "2.npy.gz": 73.67980685691892, "16.npy.gz": 83.92716937355891, "23.npy.gz": 89.52398507092471, "0.npy.gz": 82.19357492374635, "19.npy.gz": 85.74913864738156, "14.npy.gz": 83.10923024247727}}