{"Ende-de": {"0": [7544.43102813937], "1": [100198.67165994854], "2": [153457.27638177038], "3": [117267.61404705269], "4": [133171.8279752651], "5": [152767.61898870254], "6": [159885.44645712734], "7": [163081.28360984754], "8": [161518.33144736895], "9": [162870.7236500911], "10": [162986.65464537428], "11": [164474.00256933924], "12": [164214.17788886], "13": [157951.98800100456], "14": [146306.98834547447], "15": [136145.5429238407], "16": [108840.98419116403], "17": [28676.173940722714], "18": [34331.059337580286], "19": [38170.060702616815], "20": [30275.548351583187], "21": [27176.21754387545], "22": [24665.446027035476], "23": [106906.92826584983]}, "Ende-hi": {"0": [8734.286928706046], "1": [105451.16414935514], "2": [159088.6960952566], "3": [122079.74643923412], "4": [140158.03306236002], "5": [159219.71350952634], "6": [166733.54691414582], "7": [171440.25706308242], "8": [170543.96942963963], "9": [172334.18104705354], "10": [171499.9431577297], "11": [172841.46107038343], "12": [172952.75403212826], "13": [167274.16141813388], "14": [158734.63388035377], "15": [147820.27724603005], "16": [118422.82337668072], "17": [31579.386844621447], "18": [38463.77147481212], "19": [43153.328233445995], "20": [36361.83077232051], "21": [31075.64931146847], "22": [31434.080672810553], "23": [112331.73562476039]}, "Ende-cs": {"0": [8408.29071623541], "1": [102574.12298861233], "2": [157206.72563933185], "3": [120382.71330268809], "4": [138370.17626816023], "5": [157510.12974473322], "6": [164928.81110182265], "7": [168984.88342553633], "8": [167877.02170692314], "9": [169356.9498030718], "10": [168178.7929302724], "11": [169806.90324472007], "12": [168744.99674200267], "13": [163294.5050138326], "14": [151143.31324123382], "15": [140586.52355544106], "16": [111990.35397792957], "17": [29687.816042162827], "18": [35045.22411108628], "19": [38256.5615777144], "20": [30820.05411254248], "21": [27809.08749027527], "22": [26512.855821356934], "23": [109850.63111339847]}, "Ende-fr": {"0": [7696.724922672263], "1": [100792.78097397828], "2": [152813.53064444265], "3": [116009.54803413386], "4": [134256.7692831203], "5": [152436.6938900682], "6": [160134.5044646496], "7": [162288.20888568158], "8": [161810.6316714862], "9": [162618.95573787554], "10": [161892.99252248346], "11": [163151.46502640704], "12": [162892.13580023497], "13": [156201.74881863804], "14": [142923.44978579343], "15": [133029.478078519], "16": [106057.97803298105], "17": [28318.03862477152], "18": [33380.252128121036], "19": [37459.41934065835], "20": [30223.099523343728], "21": [26355.96317071223], "22": [24346.46693522419], "23": [105553.0137506572]}, "de-hi": {"0": [7833.372837239469], "1": [103549.58662070765], "2": [142494.7680697199], "3": [111672.15848856396], "4": [115296.41787294298], "5": [136623.65301050246], "6": [143895.50125239743], "7": [149015.69879102707], "8": [147111.67178066657], "9": [153238.7523557907], "10": [154631.13979400788], "11": [155070.8554251967], "12": [156792.29681922332], "13": [147049.63675854634], "14": [141694.94294492248], "15": [138908.96131037455], "16": [123420.5880445242], "17": [30475.239594549465], "18": [30561.060850493493], "19": [38747.000024831155], "20": [21640.507981511764], "21": [23605.567220547004], "22": [27302.79233313515], "23": [124888.80195522076]}, "de-Enhi": {"0": [7053.490492454846], "1": [98796.11985318165], "2": [137537.2898574595], "3": [107616.53661324107], "4": [111284.94819962885], "5": [132955.2591652961], "6": [139923.4537843312], "7": [144220.86607862404], "8": [141765.7097696131], "9": [146989.55183826596], "10": [148695.25818218803], "11": [149572.8561132683], "12": [150619.09168889164], "13": [140945.3205820627], "14": [132563.44599763793], "15": [129579.88668849203], "16": [113617.64632216108], "17": [27210.11563080293], "18": [28674.05264077382], "19": [34756.43132974976], "20": [18066.164284365776], "21": [17632.607510547037], "22": [21035.55179905577], "23": [119197.69131286547]}, "de-cs": {"0": [7593.046577291971], "1": [101198.03709194879], "2": [140963.4470570481], "3": [110509.0504510093], "4": [114139.28928378224], "5": [135962.1069821436], "6": [142494.94393451838], "7": [147369.1128436625], "8": [145430.72649628203], "9": [151018.74057284743], "10": [152505.71380250063], "11": [153048.02918863273], "12": [154106.14137340942], "13": [145467.34980843845], "14": [138007.7582454444], "15": [135713.5793018553], "16": [119270.53793828352], "17": [28892.01994011324], "18": [29131.43738081318], "19": [34050.21358208079], "20": [17784.462860480882], "21": [16324.173502119374], "22": [21594.94516517513], "23": [124357.64604936494]}, "de-Encs": {"0": [7061.435021004523], "1": [98631.19327707769], "2": [137803.56987491949], "3": [106998.46982334717], "4": [111894.43902996299], "5": [133305.13638069737], "6": [140067.054321317], "7": [144231.1287818004], "8": [142062.386573466], "9": [146668.06173169403], "10": [148974.67017064244], "11": [149601.31295326073], "12": [150472.86350843054], "13": [140512.80212977156], "14": [132689.27740225196], "15": [129474.11516843317], "16": [113742.43663224776], "17": [27477.814728154684], "18": [28374.953787596023], "19": [34104.62911014201], "20": [17884.263126940932], "21": [17062.287657829467], "22": [20934.05103619001], "23": [118804.56840621715]}, "de-fr": {"0": [7207.402508428146], "1": [100105.23787899665], "2": [140032.7072954292], "3": [108478.97984082415], "4": [112264.31249355036], "5": [132857.52444263385], "6": [140006.4988196008], "7": [144252.267358192], "8": [142391.6751566464], "9": [147621.2432580972], "10": [150026.77594333095], "11": [150788.70099635934], "12": [151877.17705339752], "13": [142322.57168999896], "14": [133869.19239459815], "15": [130457.22169459332], "16": [115202.0843774887], "17": [28064.413749724452], "18": [28588.942459304468], "19": [33228.389105883194], "20": [16963.833235911618], "21": [15423.530631728121], "22": [20561.449706368963], "23": [119994.61524472502]}, "de-Enfr": {"0": [7034.86591654236], "1": [98467.87990411179], "2": [137897.98827758222], "3": [106831.83954963437], "4": [110979.78207288869], "5": [132865.36738130357], "6": [140087.3725247397], "7": [143950.95635865675], "8": [141709.37026650552], "9": [146505.30763824983], "10": [148860.21952883247], "11": [149466.79177732323], "12": [150519.15278867446], "13": [140390.29860739014], "14": [132513.93952806247], "15": [129302.88556391303], "16": [113652.08286860236], "17": [27430.806387968885], "18": [28509.88262230449], "19": [34703.10485652601], "20": [17833.864545529534], "21": [17113.24736324069], "22": [20957.89647232811], "23": [118882.67469799658]}, "hi-Enhi": {"0": [11164.85243353498], "1": [140896.02926472598], "2": [184778.47251549608], "3": [155355.3651889906], "4": [150600.56146835652], "5": [181516.14223444648], "6": [205060.94481441937], "7": [209574.6048991615], "8": [204330.06844790862], "9": [212702.64463169686], "10": [202723.38567487802], "11": [208535.59350944264], "12": [210583.7291953558], "13": [194999.23656871868], "14": [211886.89901192067], "15": [182675.17418869212], "16": [183776.58282235754], "17": [46173.00759416283], "18": [37163.16154700355], "19": [57615.265787667246], "20": [42598.00264221174], "21": [50685.094625346595], "22": [36943.39498295821], "23": [51627.60157219949]}, "hi-cs": {"0": [11372.47306066833], "1": [140897.4343650086], "2": [186278.1882526232], "3": [156153.1455637], "4": [150736.97449488612], "5": [180504.29230530886], "6": [203005.65026782732], "7": [206784.67097932333], "8": [199231.73832391296], "9": [208308.01598384278], "10": [196539.17965795798], "11": [202626.21014974196], "12": [204314.9004342719], "13": [189872.99308108632], "14": [205394.4347883889], "15": [182727.32810740685], "16": [183955.6448655068], "17": [42280.49679963221], "18": [34755.53023168631], "19": [58512.217926672776], "20": [42390.28673474956], "21": [50141.08998717228], "22": [35698.5022219643], "23": [50992.23391778162]},