{"de-Enfr": {"0": [67717.90391132212], "1": [101025.8590763146], "2": [69798.56079351425], "3": [99549.9388454177], "4": [107604.80714743328], "5": [115277.3667537109], "6": [103718.86647292064], "7": [112188.1639066129], "8": [96445.3404944936], "9": [110887.91192808002], "10": [99731.18793876178], "11": [89375.68765705405], "12": [100956.24210458901], "13": [90156.05888887355], "14": [91500.58799030061], "15": [102980.29940402356], "16": [100367.44861516543], "17": [130402.59517442621], "18": [83314.27323136246], "19": [115603.77924889931], "20": [86190.17320648558], "21": [76476.72343113401], "22": [55575.68475870608], "23": [92472.66764199594]}, "de-Encs": {"0": [67961.75063268957], "1": [101181.82686239015], "2": [69398.61214687547], "3": [99679.90088905185], "4": [107370.01259905554], "5": [115035.52182675642], "6": [104148.29985552153], "7": [112561.72743060265], "8": [96357.73101437523], "9": [110825.05694520439], "10": [99520.25140113011], "11": [89490.83026030194], "12": [101292.18642178841], "13": [90376.54122288886], "14": [91654.13731782057], "15": [103421.84697071498], "16": [100357.03502420406], "17": [129932.33660826227], "18": [82718.68285983626], "19": [113224.9036532694], "20": [84903.1083310342], "21": [75949.86532073002], "22": [55411.40218669397], "23": [92605.9046487119]}, "de-hi": {"0": [80893.72559185978], "1": [117515.36926405132], "2": [80692.49312016647], "3": [114904.25058203004], "4": [120667.8519210848], "5": [128218.60150442249], "6": [117361.97845907346], "7": [127300.08800617512], "8": [110670.88276415505], "9": [128295.35777956294], "10": [114147.9697444262], "11": [101940.96190243657], "12": [116307.27237833152], "13": [101749.73442000232], "14": [102019.77129899908], "15": [112935.88246000395], "16": [109037.58846425824], "17": [137675.81890620803], "18": [89922.41336247046], "19": [123431.5546366102], "20": [92528.54929340421], "21": [91027.26971853198], "22": [63958.98422974534], "23": [98968.7772624949]}, "de-Ende": {"0": [63137.93978556816], "1": [96174.92254928406], "2": [65797.14766610356], "3": [94806.51691928215], "4": [103338.81141149579], "5": [111717.91670483083], "6": [100761.84901202144], "7": [109290.18395375798], "8": [93483.57908473036], "9": [106985.29504473472], "10": [95893.03295165306], "11": [86214.2279613071], "12": [97599.41281456291], "13": [86887.08800661209], "14": [88166.54981684283], "15": [99762.49889022787], "16": [94267.07293039304], "17": [125334.20180209226], "18": [74807.67380802787], "19": [105865.84945133294], "20": [78321.81047048618], "21": [68066.96991170151], "22": [49703.21763499349], "23": [82107.09670809424]}, "de-fr": {"0": [71423.50243120384], "1": [104734.03193473071], "2": [72452.41885830765], "3": [103099.92648195894], "4": [108504.05506977811], "5": [115411.42337016808], "6": [104304.85873289406], "7": [113439.69237927883], "8": [96833.28043403593], "9": [111154.53009803523], "10": [100415.72637787019], "11": [90157.27227202273], "12": [101646.7823822028], "13": [92705.33906481066], "14": [93464.77494150854], "15": [102336.64023974398], "16": [98334.0474144863], "17": [130796.87727845903], "18": [83098.74688097532], "19": [117202.80758826062], "20": [87100.53338338493], "21": [78008.71517589688], "22": [56337.09197486495], "23": [91075.99049797317]}, "de-cs": {"0": [74281.56724230573], "1": [107620.52222435758], "2": [74630.37789748935], "3": [109069.94961213239], "4": [117556.52981370746], "5": [124416.68246226734], "6": [113468.52859015157], "7": [124702.69539893267], "8": [108307.36002873047], "9": [125931.16245770501], "10": [112250.56940139021], "11": [100548.83195266698], "12": [112996.048336579], "13": [98086.48248282075], "14": [99660.45200118696], "15": [110956.94759203959], "16": [105637.75876188884], "17": [135774.55488026177], "18": [83229.61773843959], "19": [113885.4664872801], "20": [83932.43528892251], "21": [77890.56293197675], "22": [56806.943423738354], "23": [95368.5052998917]}, "de-Enhi": {"0": [68239.49833885056], "1": [101386.77636647364], "2": [70066.15536475682], "3": [100004.39515085961], "4": [107796.97012011718], "5": [115492.05949078267], "6": [103876.57936962799], "7": [112987.63056554354], "8": [96687.2699015481], "9": [111023.10550830571], "10": [99740.9945980719], "11": [89738.61900809483], "12": [101131.16503553896], "13": [90256.08728599746], "14": [91614.74614359677], "15": [103601.52684684505], "16": [100621.81808859203], "17": [130808.38797501707], "18": [83367.85923016159], "19": [115418.3172031932], "20": [86513.21898925968], "21": [76241.83459027007], "22": [55262.510194250965], "23": [92723.7286771792]}, "Enfr-hi": {"0": [86222.38245398737], "1": [125045.40586939594], "2": [89572.53645532718], "3": [130060.95223111566], "4": [141321.6279073204], "5": [151182.3007683186], "6": [134606.28361725667], "7": [147595.99553606147], "8": [123923.03725535818], "9": [149893.78181753447], "10": [130972.62687150994], "11": [118619.39886149013], "12": [134032.82008706592], "13": [121050.5791792022], "14": [112843.73997643916], "15": [117201.49844058207], "16": [134231.99460353167], "17": [152621.20477254433], "18": [98817.75317351159], "19": [137264.39400237356], "20": [91354.00212603388], "21": [101473.80210694461], "22": [73732.81298470753], "23": [94872.0939719876]}, "Enfr-fr": {"0": [72608.44385798881], "1": [105428.28270444367], "2": [75448.49997537257], "3": [106303.67486439063], "4": [116784.09713627049], "5": [126224.00068332464], "6": [111089.78559392015], "7": [121108.82599037501], "8": [100137.38364299497], "9": [118209.411043589], "10": [104932.74857644248], "11": [94292.12291748408], "12": [106730.32305867702], "13": [100496.31423002179], "14": [94928.51314840344], "15": [102882.60059012123], "16": [113996.70669409295], "17": [139139.03467270953], "18": [91890.32678781915], "19": [125328.74728842115], "20": [74330.92765575106], "21": [76506.24392687553], "22": [40043.20552534459], "23": [82493.77798920369]}, "Enfr-cs": {"0": [76342.6561679265], "1": [108007.58781967475], "2": [80543.55720852956], "3": [118058.67014627159], "4": [133054.93284139922], "5": [146445.12895242835], "6": [129317.49238518288], "7": [143974.03743883257], "8": [119987.97224798263], "9": [145926.5045943571], "10": [127501.5042469147], "11": [114526.43034787243], "12": [128920.6398024034], "13": [116959.10470605711], "14": [108311.56981025724], "15": [111785.8974539066], "16": [128969.83170191268], "17": [148440.95503255597], "18": [91508.86786682613], "19": [131087.43738022947], "20": [77863.4472459422], "21": [91112.0000980189], "22": [44939.375373170595], "23": [90411.08498334978]}, "Encs-hi": {"0": [84311.8950650189], "1": [122045.6390033625], "2": [88416.97752902005], "3": [127211.12145865196], "4": [137987.1899193516], "5": [148420.23979220213], "6": [130582.53020485956], "7": [143481.92911090003], "8": [120532.25018902449], "9": [145772.6356577375], "10": [126983.77997020166], "11": [114340.22054478806], "12": [131185.37604784896], "13": [117223.66100051138], "14": [109254.75125445263], "15": [114640.08103885339], "16": [131135.5420143248], "17": [148782.3780052208], "18": [95437.09081513039], "19": [133136.7099431404], "20": [89120.92587188468], "21": [98742.8719392831], "22": [58969.85660867195], "23": [92320.56986980885]}, "Encs-fr": {"0": [72101.68971775449], "1": [105456.22681255196], "2": [75119.53684500989], "3": [106957.89297712385], "4": [116998.55875748361], "5": [127557.22254342155], "6": [111677.31909349374], "7": [122296.59500277648], "8": [100809.10364392074], "9": [119884.5382403133], "10": [106291.5075462549], "11": [96024.40641675983], "12": [108965.93444215087], "13": [101450.72041028761], "14": [94691.2520985466], "15": [102287.47560683498], "16": [114044.34624145878], "17": [138100.78107630287], "18": [88220.17505485856], "19": [123843.1460476917], "20": [73448.80381274142], "21": [76046.02326746564], "22": [39410.63738427969], "23": [80895.96919831214]}, "Encs-cs": {"0": [73727.44891451113], "1": [107259.27818142506],